{
    "best_epoch": 302,
    "best_val_loss": 0.03585933893918991,
    "best_tr_loss": 0.04130295757204294,
    "best_test_loss": 0.042360637336969376
}