{
    "best_epoch": 1414,
    "best_val_loss": 0.002687073079869151,
    "best_tr_loss": 0.0031979355961084368,
    "best_test_loss": 0.0031081761699169874
}