{
    "best_epoch": 1030,
    "best_val_loss": 0.09480751305818558,
    "best_tr_loss": 0.08081253618001938,
    "best_test_loss": 0.10141675919294357
}