{
    "best_epoch": 1448,
    "best_val_loss": 0.08113274723291397,
    "best_tr_loss": 0.09425351520379384,
    "best_test_loss": 0.09617851674556732
}