{
    "best_epoch": 1422,
    "best_val_loss": 0.08063533902168274,
    "best_tr_loss": 0.08163835853338242,
    "best_test_loss": 0.1093008741736412
}