{
    "best_epoch": 1382,
    "best_val_loss": 0.03217208385467529,
    "best_tr_loss": 0.03842725418508053,
    "best_test_loss": 0.045022908598184586
}