{
    "best_epoch": 105,
    "best_val_loss": 0.19932682812213898,
    "best_tr_loss": 0.217869001130263,
    "best_test_loss": 0.29880571365356445
}