{
    "best_epoch": 303,
    "best_val_loss": 0.027936775237321854,
    "best_tr_loss": 0.03574125783947798,
    "best_test_loss": 0.027347350493073463
}