{
    "best_epoch": 1850,
    "best_val_loss": 0.18452556431293488,
    "best_tr_loss": 0.15914317965507507,
    "best_test_loss": 0.12662550806999207
}