{
    "best_epoch": 166,
    "best_val_loss": 0.02528250589966774,
    "best_tr_loss": 0.02226493787020445,
    "best_test_loss": 0.02503524161875248
}