{
    "best_epoch": 321,
    "best_val_loss": 0.00341370259411633,
    "best_tr_loss": 0.02469130977988243,
    "best_test_loss": 0.006928423419594765
}