{
    "best_epoch": 197,
    "best_val_loss": 0.02835819311439991,
    "best_tr_loss": 0.02864559106528759,
    "best_test_loss": 0.027553929015994072
}