{
    "best_epoch": 1725,
    "best_val_loss": 0.12353525310754776,
    "best_tr_loss": 0.11587090577398028,
    "best_test_loss": 0.12094992399215698
}