{
    "best_epoch": 804,
    "best_val_loss": 0.06773778796195984,
    "best_tr_loss": 0.08360595256090164,
    "best_test_loss": 0.07567895203828812
}