{
    "best_epoch": 757,
    "best_val_loss": 0.014451716095209122,
    "best_tr_loss": 0.016805691023667652,
    "best_test_loss": 0.015287102200090885
}