{
    "best_epoch": 611,
    "best_val_loss": 0.006604253780096769,
    "best_tr_loss": 0.006856066174805164,
    "best_test_loss": 0.011515497229993343
}