{
    "best_epoch": 684,
    "best_val_loss": 0.16851158440113068,
    "best_tr_loss": 0.18938304483890533,
    "best_test_loss": 0.21497510373592377
}