{
    "best_epoch": 111,
    "best_val_loss": 0.0038653011433780193,
    "best_tr_loss": 0.00457263236037559,
    "best_test_loss": 0.004013933707028627
}