{
    "best_epoch": 1254,
    "best_val_loss": 0.00937060359865427,
    "best_tr_loss": 0.015047521330416203,
    "best_test_loss": 0.00961242150515318
}