{
    "best_epoch": 214,
    "best_val_loss": 0.04458536207675934,
    "best_tr_loss": 0.05081450752913952,
    "best_test_loss": 0.047275323420763016
}