{
    "best_epoch": 1569,
    "best_val_loss": 0.036709874868392944,
    "best_tr_loss": 0.04436763686438402,
    "best_test_loss": 0.04079936444759369
}