{
    "best_epoch": 1736,
    "best_val_loss": 0.023776615038514137,
    "best_tr_loss": 0.023611464227239292,
    "best_test_loss": 0.022890038788318634
}