{
    "best_epoch": 452,
    "best_val_loss": 0.003454920370131731,
    "best_tr_loss": 0.0074560006614774466,
    "best_test_loss": 0.00395053019747138
}