{
    "best_epoch": 1616,
    "best_val_loss": 0.00793851912021637,
    "best_tr_loss": 0.008415455285173196,
    "best_test_loss": 0.0074057308956980705
}