{
    "best_epoch": 770,
    "best_val_loss": 0.018574055284261703,
    "best_tr_loss": 0.08423255715105268,
    "best_test_loss": 0.018571052700281143
}