{
    "best_epoch": 1801,
    "best_val_loss": 0.006185007747262716,
    "best_tr_loss": 0.008217252946148315,
    "best_test_loss": 0.008661984466016293
}