{
    "best_epoch": 1696,
    "best_val_loss": 0.04322919249534607,
    "best_tr_loss": 0.051439303904771805,
    "best_test_loss": 0.056342508643865585
}