{
    "best_epoch": 80,
    "best_val_loss": 0.0555814690887928,
    "best_tr_loss": 0.08635345101356506,
    "best_test_loss": 0.14863231778144836
}