{
    "best_epoch": 401,
    "best_val_loss": 0.5654176473617554,
    "best_tr_loss": 0.5355925634503365,
    "best_test_loss": 0.5568801760673523
}