{
    "best_epoch": 338,
    "best_val_loss": 0.0051009999588131905,
    "best_tr_loss": 0.0057439240626990795,
    "best_test_loss": 0.00827847234904766
}