{
    "best_epoch": 1134,
    "best_val_loss": 0.003004052909091115,
    "best_tr_loss": 0.003358400077559054,
    "best_test_loss": 0.002624250715598464
}