{
    "best_epoch": 636,
    "best_val_loss": 0.006545933894813061,
    "best_tr_loss": 0.008918795734643936,
    "best_test_loss": 0.007013952825218439
}