{
    "best_epoch": 1670,
    "best_val_loss": 0.034289777278900146,
    "best_tr_loss": 0.03847453915155851,
    "best_test_loss": 0.03195243328809738
}