{
    "best_epoch": 1284,
    "best_val_loss": 0.02841515652835369,
    "best_tr_loss": 0.03135239379480481,
    "best_test_loss": 0.03217623382806778
}