{
    "best_epoch": 321,
    "best_val_loss": 0.007056256756186485,
    "best_tr_loss": 0.006710415938869119,
    "best_test_loss": 0.007628362625837326
}