{
    "best_epoch": 1353,
    "best_val_loss": 0.11526574939489365,
    "best_tr_loss": 0.11766411364078522,
    "best_test_loss": 0.12982603907585144
}