{
    "best_epoch": 1676,
    "best_val_loss": 0.1708984076976776,
    "best_tr_loss": 0.17031893879175186,
    "best_test_loss": 0.15922662615776062
}