{
    "best_epoch": 675,
    "best_val_loss": 0.1261574774980545,
    "best_tr_loss": 0.1516742706298828,
    "best_test_loss": 0.15118123590946198
}