{
    "best_epoch": 739,
    "best_val_loss": 0.05734246224164963,
    "best_tr_loss": 0.05944536626338959,
    "best_test_loss": 0.05531460791826248
}