{
    "best_epoch": 1778,
    "best_val_loss": 0.003595407120883465,
    "best_tr_loss": 0.004112498679508765,
    "best_test_loss": 0.0035192035138607025
}