{
    "best_epoch": 1891,
    "best_val_loss": 0.00821052398532629,
    "best_tr_loss": 0.07437576353549957,
    "best_test_loss": 0.4563709795475006
}