{
    "best_epoch": 133,
    "best_val_loss": 0.00280913058668375,
    "best_tr_loss": 0.002842843299731612,
    "best_test_loss": 0.002871696138754487
}