{
    "best_epoch": 121,
    "best_val_loss": 0.012315778061747551,
    "best_tr_loss": 0.015991491731256247,
    "best_test_loss": 0.01406722329556942
}