{
    "best_epoch": 1816,
    "best_val_loss": 0.02920857071876526,
    "best_tr_loss": 0.036749571561813354,
    "best_test_loss": 0.028995929285883904
}