{
    "best_epoch": 462,
    "best_val_loss": 0.005293351598083973,
    "best_tr_loss": 0.00859490130096674,
    "best_test_loss": 0.007741506677120924
}