{
    "best_epoch": 1487,
    "best_val_loss": 0.026358049362897873,
    "best_tr_loss": 0.026683749838007823,
    "best_test_loss": 0.02493908628821373
}