{
    "best_epoch": 762,
    "best_val_loss": 0.015169060789048672,
    "best_tr_loss": 0.01840957502524058,
    "best_test_loss": 0.014838099479675293
}