{
    "best_epoch": 65,
    "best_val_loss": 0.2989201843738556,
    "best_tr_loss": 0.3061383605003357,
    "best_test_loss": 0.274776428937912
}