{
    "best_epoch": 97,
    "best_val_loss": 0.004565949086099863,
    "best_tr_loss": 0.004838678233612042,
    "best_test_loss": 0.00475793844088912
}