{
    "best_epoch": 525,
    "best_val_loss": 0.046338703483343124,
    "best_tr_loss": 0.05571523308753967,
    "best_test_loss": 0.04980216175317764
}