{
    "best_epoch": 123,
    "best_val_loss": 0.5162129402160645,
    "best_tr_loss": 0.5692815803564512,
    "best_test_loss": 0.4843747019767761
}