{
    "best_epoch": 96,
    "best_val_loss": 0.11896989494562149,
    "best_tr_loss": 0.17399552464485168,
    "best_test_loss": 0.3311116695404053
}