{
    "best_epoch": 1385,
    "best_val_loss": 0.005324032623320818,
    "best_tr_loss": 0.005880545359104872,
    "best_test_loss": 0.00691980728879571
}