{
    "best_epoch": 532,
    "best_val_loss": 0.07046741992235184,
    "best_tr_loss": 0.05745421722531319,
    "best_test_loss": 0.06834256649017334
}