{
    "best_epoch": 233,
    "best_val_loss": 0.211196631193161,
    "best_tr_loss": 0.2126118540763855,
    "best_test_loss": 0.20422929525375366
}