{
    "best_epoch": 602,
    "best_val_loss": 0.011992846615612507,
    "best_tr_loss": 0.01263369107618928,
    "best_test_loss": 0.008087260648608208
}