{
    "best_epoch": 1756,
    "best_val_loss": 0.10624778270721436,
    "best_tr_loss": 0.12440416216850281,
    "best_test_loss": 0.10583769530057907
}