{
    "best_epoch": 67,
    "best_val_loss": 0.007298361510038376,
    "best_tr_loss": 0.007953771131320132,
    "best_test_loss": 0.0072828615084290504
}