{
    "best_epoch": 528,
    "best_val_loss": 0.05915181711316109,
    "best_tr_loss": 0.06250769123435021,
    "best_test_loss": 0.054537124931812286
}