{
    "best_epoch": 1075,
    "best_val_loss": 0.005289140157401562,
    "best_tr_loss": 0.005025698194423547,
    "best_test_loss": 0.004672536626458168
}