{
    "best_epoch": 1883,
    "best_val_loss": 0.01620837301015854,
    "best_tr_loss": 0.019445613026618958,
    "best_test_loss": 0.02428615093231201
}