{
    "best_epoch": 72,
    "best_val_loss": 0.005400090478360653,
    "best_tr_loss": 0.0056106275878846645,
    "best_test_loss": 0.003799757454544306
}