{
    "best_epoch": 208,
    "best_val_loss": 0.005129938945174217,
    "best_tr_loss": 0.007670876395422965,
    "best_test_loss": 0.005192693788558245
}