{
    "best_epoch": 540,
    "best_val_loss": 0.2598700225353241,
    "best_tr_loss": 0.22975333034992218,
    "best_test_loss": 0.2515576183795929
}