{
    "best_epoch": 450,
    "best_val_loss": 0.02448314242064953,
    "best_tr_loss": 0.025731704011559487,
    "best_test_loss": 0.02559502422809601
}