{
    "best_epoch": 504,
    "best_val_loss": 0.01667962037026882,
    "best_tr_loss": 0.015038684010505676,
    "best_test_loss": 0.01767026260495186
}