{
    "best_epoch": 209,
    "best_val_loss": 0.06635016947984695,
    "best_tr_loss": 0.05585543066263199,
    "best_test_loss": 0.07168974727392197
}