{
    "best_epoch": 409,
    "best_val_loss": 0.014714779332280159,
    "best_tr_loss": 0.014821535597244898,
    "best_test_loss": 0.01296660490334034
}