{
    "best_epoch": 745,
    "best_val_loss": 0.05322381854057312,
    "best_tr_loss": 0.05421650409698486,
    "best_test_loss": 0.06328359991312027
}