{
    "best_epoch": 66,
    "best_val_loss": 0.0029248131904751062,
    "best_tr_loss": 0.0036738790571689607,
    "best_test_loss": 0.003533171257004142
}