{
    "best_epoch": 985,
    "best_val_loss": 0.10732170194387436,
    "best_tr_loss": 0.14648563880473375,
    "best_test_loss": 0.18098938465118408
}