{
    "best_epoch": 589,
    "best_val_loss": 0.003174245124682784,
    "best_tr_loss": 0.004228990292176604,
    "best_test_loss": 0.003716696985065937
}