{
    "best_epoch": 290,
    "best_val_loss": 292.15057373046875,
    "best_tr_loss": 290.06129455566406,
    "best_test_loss": 316.5577697753906
}