{
    "best_epoch": 509,
    "best_val_loss": 0.00682786712422967,
    "best_tr_loss": 0.007091252598911524,
    "best_test_loss": 0.008950285613536835
}