{
    "best_epoch": 719,
    "best_val_loss": 0.07341405004262924,
    "best_tr_loss": 0.07942140195518732,
    "best_test_loss": 0.07661766558885574
}