{
    "best_epoch": 207,
    "best_val_loss": 0.028124209493398666,
    "best_tr_loss": 0.030058659406171903,
    "best_test_loss": 0.021799715235829353
}