{
    "best_epoch": 248,
    "best_val_loss": 0.03443032130599022,
    "best_tr_loss": 0.03342104454835256,
    "best_test_loss": 0.03337230533361435
}