{
    "best_epoch": 228,
    "best_val_loss": 0.06773997098207474,
    "best_tr_loss": 0.07069542046104159,
    "best_test_loss": 0.06936348974704742
}