{
    "best_epoch": 98,
    "best_val_loss": 0.018288562074303627,
    "best_tr_loss": 0.023103462997823954,
    "best_test_loss": 0.020047657191753387
}