{
    "best_epoch": 1328,
    "best_val_loss": 0.007886712439358234,
    "best_tr_loss": 0.009734092590709528,
    "best_test_loss": 0.009542295709252357
}