{
    "best_epoch": 165,
    "best_val_loss": 0.17035970091819763,
    "best_tr_loss": 0.22433889284729958,
    "best_test_loss": 0.14277316629886627
}