{
    "best_epoch": 1190,
    "best_val_loss": 0.1514635980129242,
    "best_tr_loss": 0.1662013679742813,
    "best_test_loss": 0.1685705929994583
}