{
    "best_epoch": 125,
    "best_val_loss": 0.006472419481724501,
    "best_tr_loss": 0.006451403722167015,
    "best_test_loss": 0.006103364750742912
}