{
    "best_epoch": 353,
    "best_val_loss": 0.0011013558832928538,
    "best_tr_loss": 0.0035915328189730644,
    "best_test_loss": 0.0010925012174993753
}