{
    "best_epoch": 1036,
    "best_val_loss": 0.11663607507944107,
    "best_tr_loss": 0.15309607088565827,
    "best_test_loss": 0.11314281076192856
}