{
    "best_epoch": 674,
    "best_val_loss": 0.003104120958596468,
    "best_tr_loss": 0.004121366946492344,
    "best_test_loss": 0.0032653813250362873
}