{
    "best_epoch": 253,
    "best_val_loss": 431.68511962890625,
    "best_tr_loss": 421.50628662109375,
    "best_test_loss": 428.13092041015625
}