{
    "best_epoch": 1726,
    "best_val_loss": 0.008352779783308506,
    "best_tr_loss": 0.008187811181414872,
    "best_test_loss": 0.00818469189107418
}