{
    "best_epoch": 950,
    "best_val_loss": 0.1004166379570961,
    "best_tr_loss": 0.11039473173710015,
    "best_test_loss": 0.10120159387588501
}