{
    "best_epoch": 179,
    "best_val_loss": 0.014675877057015896,
    "best_tr_loss": 0.018080380900452536,
    "best_test_loss": 0.014389545656740665
}