{
    "best_epoch": 104,
    "best_val_loss": 0.011398036032915115,
    "best_tr_loss": 0.025318334810435772,
    "best_test_loss": 0.015411739237606525
}