{
    "best_epoch": 914,
    "best_val_loss": 0.05817965418100357,
    "best_tr_loss": 0.06272500846534967,
    "best_test_loss": 0.06087471917271614
}