{
    "best_epoch": 136,
    "best_val_loss": 0.004213003907352686,
    "best_tr_loss": 0.010604873858392238,
    "best_test_loss": 0.0038283017929643393
}