{
    "best_epoch": 1940,
    "best_val_loss": 0.03743063285946846,
    "best_tr_loss": 0.051368728280067444,
    "best_test_loss": 0.03926466777920723
}