{
    "best_epoch": 1047,
    "best_val_loss": 0.012740007601678371,
    "best_tr_loss": 0.01500358215222756,
    "best_test_loss": 0.012302238494157791
}