{
    "best_epoch": 1882,
    "best_val_loss": 0.010847686789929867,
    "best_tr_loss": 0.011160764771585282,
    "best_test_loss": 0.010093164630234241
}