{
    "best_epoch": 238,
    "best_val_loss": 0.10972291976213455,
    "best_tr_loss": 0.09310583770275116,
    "best_test_loss": 0.10732928663492203
}