{
    "best_epoch": 676,
    "best_val_loss": 0.004067848436534405,
    "best_tr_loss": 0.006056688467247618,
    "best_test_loss": 0.004352237097918987
}