{
    "best_epoch": 1463,
    "best_val_loss": 0.007913807407021523,
    "best_tr_loss": 0.008464725079158178,
    "best_test_loss": 0.008891365490853786
}