{
    "best_epoch": 854,
    "best_val_loss": 0.027180779725313187,
    "best_tr_loss": 0.05836372822523117,
    "best_test_loss": 0.0336008295416832
}