{
    "best_epoch": 181,
    "best_val_loss": 0.004995395429432392,
    "best_tr_loss": 0.0045200681779533625,
    "best_test_loss": 0.004591166973114014
}