{
    "best_epoch": 747,
    "best_val_loss": 0.01941336691379547,
    "best_tr_loss": 0.02653337057147707,
    "best_test_loss": 0.018382834270596504
}