{
    "best_epoch": 175,
    "best_val_loss": 0.0012121658073738217,
    "best_tr_loss": 0.0024736521299928427,
    "best_test_loss": 0.0015737933572381735
}