{
    "best_epoch": 106,
    "best_val_loss": 0.006929884664714336,
    "best_tr_loss": 0.01624610647559166,
    "best_test_loss": 0.016774889081716537
}