{
    "best_epoch": 185,
    "best_val_loss": 0.04242020472884178,
    "best_tr_loss": 0.048298909018437065,
    "best_test_loss": 0.04274236038327217
}