{
    "best_epoch": 969,
    "best_val_loss": 0.008165109902620316,
    "best_tr_loss": 0.01030129910661624,
    "best_test_loss": 0.007984723895788193
}