{
    "best_epoch": 471,
    "best_val_loss": 0.12395744025707245,
    "best_tr_loss": 0.14546860257784525,
    "best_test_loss": 0.14404214918613434
}