{
    "best_epoch": 364,
    "best_val_loss": 0.005491614807397127,
    "best_tr_loss": 0.0041989223100245,
    "best_test_loss": 0.0044099087826907635
}