{
    "best_epoch": 909,
    "best_val_loss": 0.0016681490233168006,
    "best_tr_loss": 0.002298588107805699,
    "best_test_loss": 0.0016554535832256079
}