{
    "best_epoch": 112,
    "best_val_loss": 0.004082918632775545,
    "best_tr_loss": 0.012044136179611087,
    "best_test_loss": 0.004694667179137468
}