{
    "best_epoch": 91,
    "best_val_loss": 0.024167640134692192,
    "best_tr_loss": 0.02876002937555313,
    "best_test_loss": 0.02569306269288063
}