{
    "best_epoch": 1955,
    "best_val_loss": 0.009589296765625477,
    "best_tr_loss": 0.010161854792386293,
    "best_test_loss": 0.009373795241117477
}