{
    "best_epoch": 269,
    "best_val_loss": 0.004174590110778809,
    "best_tr_loss": 0.008279511414002627,
    "best_test_loss": 0.0045114848762750626
}