{
    "best_epoch": 548,
    "best_val_loss": 0.02530583366751671,
    "best_tr_loss": 0.02580101539691289,
    "best_test_loss": 0.022727511823177338
}