{
    "best_epoch": 1693,
    "best_val_loss": 0.28539347648620605,
    "best_tr_loss": 0.30828266648145825,
    "best_test_loss": 0.282345712184906
}