{
    "best_epoch": 264,
    "best_val_loss": 0.0031198409851640463,
    "best_tr_loss": 0.003644032112788409,
    "best_test_loss": 0.0025166217237710953
}