{
    "best_epoch": 997,
    "best_val_loss": 0.049606285989284515,
    "best_tr_loss": 0.04969313244024912,
    "best_test_loss": 0.05475489795207977
}