{
    "best_epoch": 1091,
    "best_val_loss": 0.31145527958869934,
    "best_tr_loss": 0.33033735553423565,
    "best_test_loss": 0.3259003758430481
}