{
    "best_epoch": 165,
    "best_val_loss": 0.07688374817371368,
    "best_tr_loss": 0.0837952271103859,
    "best_test_loss": 0.07985562831163406
}