{
    "best_epoch": 930,
    "best_val_loss": 0.048267170786857605,
    "best_tr_loss": 0.05723462855586639,
    "best_test_loss": 0.04864617437124252
}