{
    "best_epoch": 633,
    "best_val_loss": 0.0206348467618227,
    "best_tr_loss": 0.020529882827152807,
    "best_test_loss": 0.02129865251481533
}