{
    "best_epoch": 405,
    "best_val_loss": 0.0008490559994243085,
    "best_tr_loss": 0.016642829170450568,
    "best_test_loss": 0.0009166627423837781
}