{
    "best_epoch": 702,
    "best_val_loss": 0.026071572676301003,
    "best_tr_loss": 0.02933577520565854,
    "best_test_loss": 0.02877911552786827
}