{
    "best_epoch": 1255,
    "best_val_loss": 0.04161589592695236,
    "best_tr_loss": 0.052503212044636406,
    "best_test_loss": 0.055207010358572006
}