{
    "best_epoch": 139,
    "best_val_loss": 0.004244722425937653,
    "best_tr_loss": 0.012586578726768494,
    "best_test_loss": 0.006317568942904472
}