{
    "best_epoch": 1696,
    "best_val_loss": 0.0057262540794909,
    "best_tr_loss": 0.006828234530985355,
    "best_test_loss": 0.005816821940243244
}