{
    "best_epoch": 76,
    "best_val_loss": 0.01812147907912731,
    "best_tr_loss": 0.024523669853806496,
    "best_test_loss": 0.030265074223279953
}