{
    "best_epoch": 1405,
    "best_val_loss": 0.016071205958724022,
    "best_tr_loss": 0.01711348257958889,
    "best_test_loss": 0.019919997081160545
}