{
    "best_epoch": 106,
    "best_val_loss": 9.040031000040472e-05,
    "best_tr_loss": 0.28886333107948303,
    "best_test_loss": 0.9272398948669434
}