{
    "best_epoch": 622,
    "best_val_loss": 0.28786414861679077,
    "best_tr_loss": 0.35504340583627875,
    "best_test_loss": 0.289050430059433
}