{
    "best_epoch": 140,
    "best_val_loss": 0.02017509564757347,
    "best_tr_loss": 0.029910800978541374,
    "best_test_loss": 0.03547780215740204
}