{
    "best_epoch": 518,
    "best_val_loss": 0.008482539094984531,
    "best_tr_loss": 0.011818688409402967,
    "best_test_loss": 0.006861524656414986
}