{
    "best_epoch": 1391,
    "best_val_loss": 0.029952796176075935,
    "best_tr_loss": 0.04066544258967042,
    "best_test_loss": 0.034085605293512344
}