{
    "best_epoch": 678,
    "best_val_loss": 0.05205623432993889,
    "best_tr_loss": 0.0576117912476713,
    "best_test_loss": 0.053095702081918716
}