{
    "best_epoch": 1771,
    "best_val_loss": 0.16486245393753052,
    "best_tr_loss": 0.17595552991737018,
    "best_test_loss": 0.16515444219112396
}