{
    "best_epoch": 1902,
    "best_val_loss": 0.006630833726376295,
    "best_tr_loss": 0.007036152202636004,
    "best_test_loss": 0.006441713776439428
}