{
    "best_epoch": 1351,
    "best_val_loss": 0.013213085941970348,
    "best_tr_loss": 0.015768328371147316,
    "best_test_loss": 0.01241361815482378
}