{
    "best_epoch": 700,
    "best_val_loss": 0.015653476119041443,
    "best_tr_loss": 0.026081673800945282,
    "best_test_loss": 0.022296734154224396
}