{
    "best_epoch": 1759,
    "best_val_loss": 0.1468926966190338,
    "best_tr_loss": 0.17678669840097427,
    "best_test_loss": 0.14720436930656433
}