{
    "best_epoch": 1601,
    "best_val_loss": 0.006676074583083391,
    "best_tr_loss": 0.006243050214834511,
    "best_test_loss": 0.006518577691167593
}