{
    "best_epoch": 1427,
    "best_val_loss": 0.017189744859933853,
    "best_tr_loss": 0.01773725412786007,
    "best_test_loss": 0.017160041257739067
}