{
    "best_epoch": 344,
    "best_val_loss": 0.7322362065315247,
    "best_tr_loss": 0.6979494214057922,
    "best_test_loss": 0.8102242946624756
}