{
    "best_epoch": 65,
    "best_val_loss": 0.1176847368478775,
    "best_tr_loss": 0.15037229657173157,
    "best_test_loss": 0.231462299823761
}