{
    "best_epoch": 1799,
    "best_val_loss": 0.0690031349658966,
    "best_tr_loss": 0.07564318738877773,
    "best_test_loss": 0.07246305048465729
}