{
    "best_epoch": 66,
    "best_val_loss": 0.01612682454288006,
    "best_tr_loss": 0.024811862036585808,
    "best_test_loss": 0.01580863445997238
}