{
    "best_epoch": 1394,
    "best_val_loss": 0.24494372308254242,
    "best_tr_loss": 0.24546362246785844,
    "best_test_loss": 0.2449338287115097
}