{
    "best_epoch": 1636,
    "best_val_loss": 0.08089280128479004,
    "best_tr_loss": 0.07962986454367638,
    "best_test_loss": 0.07558534294366837
}