{
    "best_epoch": 725,
    "best_val_loss": 0.001531270332634449,
    "best_tr_loss": 0.003107931912661745,
    "best_test_loss": 0.0016713300719857216
}