{
    "best_epoch": 107,
    "best_val_loss": 0.002531997859477997,
    "best_tr_loss": 0.003091146773658693,
    "best_test_loss": 0.0028395927511155605
}