{
    "best_epoch": 1734,
    "best_val_loss": 0.013479369692504406,
    "best_tr_loss": 0.012400503270328045,
    "best_test_loss": 0.012956426478922367
}