{
    "best_epoch": 1169,
    "best_val_loss": 0.112721748650074,
    "best_tr_loss": 0.12053460031747817,
    "best_test_loss": 0.10909610241651535
}