{
    "best_epoch": 1607,
    "best_val_loss": 0.014377793297171593,
    "best_tr_loss": 0.014558310103085306,
    "best_test_loss": 0.0139810461550951
}