{
    "best_epoch": 1768,
    "best_val_loss": 0.04752090573310852,
    "best_tr_loss": 0.05575273418799043,
    "best_test_loss": 0.04776829481124878
}