{
    "best_epoch": 652,
    "best_val_loss": 0.007107389625161886,
    "best_tr_loss": 0.007317268231417984,
    "best_test_loss": 0.0073131476528942585
}