{
    "best_epoch": 465,
    "best_val_loss": 0.013357458636164665,
    "best_tr_loss": 0.016360817477107048,
    "best_test_loss": 0.011664798483252525
}