{
    "best_epoch": 940,
    "best_val_loss": 0.07755206525325775,
    "best_tr_loss": 0.06606008857488632,
    "best_test_loss": 0.08234167844057083
}