{
    "best_epoch": 312,
    "best_val_loss": 0.012356333434581757,
    "best_tr_loss": 0.011958780698478222,
    "best_test_loss": 0.016041673719882965
}