{
    "best_epoch": 1291,
    "best_val_loss": 0.056414783000946045,
    "best_tr_loss": 0.05905940383672714,
    "best_test_loss": 0.052456360310316086
}