{
    "best_epoch": 548,
    "best_val_loss": 0.006864358205348253,
    "best_tr_loss": 0.24289321899414062,
    "best_test_loss": 0.10981479287147522
}