{
    "best_epoch": 1321,
    "best_val_loss": 0.08380970358848572,
    "best_tr_loss": 0.11249698232859373,
    "best_test_loss": 0.07717090100049973
}