{
    "best_epoch": 1436,
    "best_val_loss": 0.3052809536457062,
    "best_tr_loss": 0.4758558471997579,
    "best_test_loss": 1.1263726949691772
}