{
    "best_epoch": 381,
    "best_val_loss": 0.004513768013566732,
    "best_tr_loss": 0.010723895020782947,
    "best_test_loss": 0.0037779645062983036
}