{
    "best_epoch": 473,
    "best_val_loss": 0.0680391937494278,
    "best_tr_loss": 0.049595486372709274,
    "best_test_loss": 0.044971320778131485
}