{
    "best_epoch": 72,
    "best_val_loss": 0.029653489589691162,
    "best_tr_loss": 0.03252436158557733,
    "best_test_loss": 0.030979827046394348
}