{
    "best_epoch": 55,
    "best_val_loss": 0.05249451845884323,
    "best_tr_loss": 0.05754571408033371,
    "best_test_loss": 0.05405290797352791
}