{
    "best_epoch": 214,
    "best_val_loss": 0.005766275804489851,
    "best_tr_loss": 0.006556193809956312,
    "best_test_loss": 0.006310761906206608
}