{
    "best_epoch": 479,
    "best_val_loss": 0.07001643627882004,
    "best_tr_loss": 0.07162834974852475,
    "best_test_loss": 0.07333917170763016
}