{
    "best_epoch": 1574,
    "best_val_loss": 0.00991513580083847,
    "best_tr_loss": 0.007771141128614545,
    "best_test_loss": 0.0070289564318954945
}