{
    "best_epoch": 1731,
    "best_val_loss": 0.025578873232007027,
    "best_tr_loss": 0.026985449716448784,
    "best_test_loss": 0.025496436282992363
}