{
    "best_epoch": 494,
    "best_val_loss": 0.039641886949539185,
    "best_tr_loss": 0.035446647554636,
    "best_test_loss": 0.036388564854860306
}