{
    "best_epoch": 62,
    "best_val_loss": 0.022588202729821205,
    "best_tr_loss": 0.022335324436426163,
    "best_test_loss": 0.02302451990544796
}