{
    "best_epoch": 350,
    "best_val_loss": 0.28627127408981323,
    "best_tr_loss": 0.30697391033172605,
    "best_test_loss": 0.33443328738212585
}