{
    "best_epoch": 1774,
    "best_val_loss": 0.019374359399080276,
    "best_tr_loss": 0.02244890108704567,
    "best_test_loss": 0.01812126301229
}