{
    "best_epoch": 1805,
    "best_val_loss": 0.0026562833227217197,
    "best_tr_loss": 0.002656722324900329,
    "best_test_loss": 0.002371467649936676
}