{
    "best_epoch": 114,
    "best_val_loss": 0.07859750837087631,
    "best_tr_loss": 0.08912666887044907,
    "best_test_loss": 0.09797775745391846
}