{
    "best_epoch": 128,
    "best_val_loss": 0.019662929698824883,
    "best_tr_loss": 0.023341028951108456,
    "best_test_loss": 0.02444337122142315
}