{
    "best_epoch": 1224,
    "best_val_loss": 0.01460970938205719,
    "best_tr_loss": 0.01383181568235159,
    "best_test_loss": 0.013471949845552444
}