{
    "best_epoch": 708,
    "best_val_loss": 0.030344590544700623,
    "best_tr_loss": 0.036349255591630936,
    "best_test_loss": 0.03948161378502846
}