{
    "best_epoch": 330,
    "best_val_loss": 0.004005250986665487,
    "best_tr_loss": 0.005319232974822323,
    "best_test_loss": 0.004056305158883333
}