{
    "best_epoch": 139,
    "best_val_loss": 0.03472438454627991,
    "best_tr_loss": 0.0501028336584568,
    "best_test_loss": 0.04549196735024452
}