{
    "best_epoch": 1914,
    "best_val_loss": 0.002451387234032154,
    "best_tr_loss": 0.004089274094440043,
    "best_test_loss": 0.002977015683427453
}