{
    "best_epoch": 167,
    "best_val_loss": 0.040095582604408264,
    "best_tr_loss": 0.069986991584301,
    "best_test_loss": 0.035477809607982635
}