{
    "best_epoch": 233,
    "best_val_loss": 0.10180973261594772,
    "best_tr_loss": 0.08799372613430023,
    "best_test_loss": 0.13030943274497986
}