{
    "best_epoch": 1687,
    "best_val_loss": 0.004655846860259771,
    "best_tr_loss": 0.006850474876248174,
    "best_test_loss": 0.00483669014647603
}