{
    "best_epoch": 103,
    "best_val_loss": 0.007463156245648861,
    "best_tr_loss": 0.014618387445807457,
    "best_test_loss": 0.009541221894323826
}