{
    "best_epoch": 375,
    "best_val_loss": 0.020423363894224167,
    "best_tr_loss": 0.040057443942014985,
    "best_test_loss": 0.01876882277429104
}