{
    "best_epoch": 302,
    "best_val_loss": 0.01017049327492714,
    "best_tr_loss": 0.012401562184095383,
    "best_test_loss": 0.015545989386737347
}