{
    "best_epoch": 513,
    "best_val_loss": 0.1526494324207306,
    "best_tr_loss": 0.15283691138029099,
    "best_test_loss": 0.149359792470932
}