{
    "best_epoch": 1927,
    "best_val_loss": 0.012135494500398636,
    "best_tr_loss": 0.011699740309268236,
    "best_test_loss": 0.0115058533847332
}