{
    "best_epoch": 1699,
    "best_val_loss": 0.01223644707351923,
    "best_tr_loss": 0.013103893958032131,
    "best_test_loss": 0.013504198752343655
}