{
    "best_epoch": 552,
    "best_val_loss": 0.0018739241641014814,
    "best_tr_loss": 0.003823650476988405,
    "best_test_loss": 0.0019880952313542366
}