{
    "best_epoch": 250,
    "best_val_loss": 0.007373046595603228,
    "best_tr_loss": 0.007323506909112136,
    "best_test_loss": 0.008170990273356438
}