{
    "best_epoch": 1813,
    "best_val_loss": 0.01407949160784483,
    "best_tr_loss": 0.015132887909809748,
    "best_test_loss": 0.015140376053750515
}