{
    "best_epoch": 164,
    "best_val_loss": 0.00352510716766119,
    "best_tr_loss": 0.00549656106159091,
    "best_test_loss": 0.004663977771997452
}