{
    "best_epoch": 823,
    "best_val_loss": 0.02525116503238678,
    "best_tr_loss": 0.02661803108640015,
    "best_test_loss": 0.025326767936348915
}