{
    "best_epoch": 131,
    "best_val_loss": 0.42025211453437805,
    "best_tr_loss": 0.5813374643524488,
    "best_test_loss": 0.41407015919685364
}