{
    "best_epoch": 1650,
    "best_val_loss": 0.015889495611190796,
    "best_tr_loss": 0.0109345568343997,
    "best_test_loss": 0.00952504388988018
}