{
    "best_epoch": 900,
    "best_val_loss": 0.15392863750457764,
    "best_tr_loss": 0.19872595183551311,
    "best_test_loss": 0.1578916311264038
}