{
    "best_epoch": 1812,
    "best_val_loss": 0.0032065350096672773,
    "best_tr_loss": 0.0034750482300296426,
    "best_test_loss": 0.003702472895383835
}