{
    "best_epoch": 485,
    "best_val_loss": 0.019646726548671722,
    "best_tr_loss": 0.03639203682541847,
    "best_test_loss": 0.03332612290978432
}