{
    "best_epoch": 1622,
    "best_val_loss": 0.14369286596775055,
    "best_tr_loss": 0.4570842948224809,
    "best_test_loss": 0.1408664584159851
}