{
    "best_epoch": 312,
    "best_val_loss": 0.009289574809372425,
    "best_tr_loss": 0.010057626059278846,
    "best_test_loss": 0.009174715727567673
}