{
    "best_epoch": 1209,
    "best_val_loss": 0.04615278169512749,
    "best_tr_loss": 0.08869708329439163,
    "best_test_loss": 0.05368901789188385
}