{
    "best_epoch": 275,
    "best_val_loss": 0.030025416985154152,
    "best_tr_loss": 0.033080216497182846,
    "best_test_loss": 0.039088502526283264
}