{
    "best_epoch": 1709,
    "best_val_loss": 0.03630232438445091,
    "best_tr_loss": 0.03916599502166112,
    "best_test_loss": 0.03709341585636139
}