{
    "best_epoch": 72,
    "best_val_loss": 0.07157570123672485,
    "best_tr_loss": 0.0798644982278347,
    "best_test_loss": 0.0801984891295433
}