{
    "best_epoch": 131,
    "best_val_loss": 0.009394997730851173,
    "best_tr_loss": 0.01102189440280199,
    "best_test_loss": 0.010012728162109852
}