{
    "best_epoch": 1762,
    "best_val_loss": 0.023631293326616287,
    "best_tr_loss": 0.024929866911127016,
    "best_test_loss": 0.02407090552151203
}