{
    "best_epoch": 22,
    "best_val_loss": 0.42853400111198425,
    "best_tr_loss": 0.46932674646377565,
    "best_test_loss": 1.3901216983795166
}