{
    "best_epoch": 1873,
    "best_val_loss": 0.0589209645986557,
    "best_tr_loss": 0.05808126316829161,
    "best_test_loss": 0.06229417398571968
}