{
    "best_epoch": 1987,
    "best_val_loss": 0.01828661374747753,
    "best_tr_loss": 0.05916612666959946,
    "best_test_loss": 0.01784699596464634
}