{
    "best_epoch": 624,
    "best_val_loss": 0.008741939440369606,
    "best_tr_loss": 0.010342271439731121,
    "best_test_loss": 0.009933940134942532
}