{
    "best_epoch": 331,
    "best_val_loss": 0.040250830352306366,
    "best_tr_loss": 0.043852292001247406,
    "best_test_loss": 0.03790389373898506
}