{
    "best_epoch": 273,
    "best_val_loss": 0.00401812931522727,
    "best_tr_loss": 0.005607582501728426,
    "best_test_loss": 0.004542465787380934
}