{
    "best_epoch": 429,
    "best_val_loss": 0.21212908625602722,
    "best_tr_loss": 0.30646297335624695,
    "best_test_loss": 0.2384978085756302
}