{
    "best_epoch": 1839,
    "best_val_loss": 0.2349604070186615,
    "best_tr_loss": 0.20788347721099854,
    "best_test_loss": 0.3203219175338745
}