{
    "best_epoch": 308,
    "best_val_loss": 0.025895332917571068,
    "best_tr_loss": 0.024395914748311043,
    "best_test_loss": 0.034687574952840805
}