{
    "best_epoch": 559,
    "best_val_loss": 0.028420882299542427,
    "best_tr_loss": 0.0342717170715332,
    "best_test_loss": 0.04731185734272003
}