{
    "best_epoch": 1524,
    "best_val_loss": 0.04966996610164642,
    "best_tr_loss": 0.06035740176836649,
    "best_test_loss": 0.05301578715443611
}