{
    "best_epoch": 363,
    "best_val_loss": 0.0018842342542484403,
    "best_tr_loss": 0.006286221090704203,
    "best_test_loss": 0.0040348488837480545
}