{
    "best_epoch": 1839,
    "best_val_loss": 0.0806540846824646,
    "best_tr_loss": 0.1139274463057518,
    "best_test_loss": 0.12008675187826157
}