{
    "best_epoch": 1959,
    "best_val_loss": 0.06707931309938431,
    "best_tr_loss": 0.07989219117623109,
    "best_test_loss": 0.06957633793354034
}