{
    "best_epoch": 49,
    "best_val_loss": 0.022812791168689728,
    "best_tr_loss": 0.03651927411556244,
    "best_test_loss": 0.026434263214468956
}