{
    "best_epoch": 1880,
    "best_val_loss": 0.0264993105083704,
    "best_tr_loss": 0.028171323239803314,
    "best_test_loss": 0.02864474058151245
}