{
    "best_epoch": 172,
    "best_val_loss": 0.026791444048285484,
    "best_tr_loss": 0.03076150268316269,
    "best_test_loss": 0.029189400374889374
}