{
    "best_epoch": 1720,
    "best_val_loss": 0.002969635184854269,
    "best_tr_loss": 0.0029566536457943065,
    "best_test_loss": 0.0026847070548683405
}