{
    "best_epoch": 969,
    "best_val_loss": 0.14979204535484314,
    "best_tr_loss": 0.15540268421173095,
    "best_test_loss": 0.15476329624652863
}