{
    "best_epoch": 1876,
    "best_val_loss": 0.02233009971678257,
    "best_tr_loss": 0.031175939366221428,
    "best_test_loss": 0.03934111073613167
}