{
    "best_epoch": 47,
    "best_val_loss": 0.058723438531160355,
    "best_tr_loss": 0.04992460273206234,
    "best_test_loss": 0.07816185802221298
}