{
    "best_epoch": 1725,
    "best_val_loss": 0.007347412873059511,
    "best_tr_loss": 0.006596240680664778,
    "best_test_loss": 0.00670850183814764
}