{
    "best_epoch": 97,
    "best_val_loss": 0.03408728167414665,
    "best_tr_loss": 0.3325999975204468,
    "best_test_loss": 0.04632887244224548
}