{
    "best_epoch": 623,
    "best_val_loss": 0.11783646047115326,
    "best_tr_loss": 0.12380221486091614,
    "best_test_loss": 0.11294206231832504
}