{
    "best_epoch": 1883,
    "best_val_loss": 0.007969321683049202,
    "best_tr_loss": 0.005633493419736624,
    "best_test_loss": 0.0031346494797617197
}