{
    "best_epoch": 188,
    "best_val_loss": 0.018445879220962524,
    "best_tr_loss": 0.03229563683271408,
    "best_test_loss": 0.01798182539641857
}