{
    "best_epoch": 117,
    "best_val_loss": 0.009598160162568092,
    "best_tr_loss": 0.012940070126205683,
    "best_test_loss": 0.011881683953106403
}