{
    "best_epoch": 265,
    "best_val_loss": 0.0020209145732223988,
    "best_tr_loss": 0.006026206770911813,
    "best_test_loss": 0.004192443564534187
}