{
    "best_epoch": 489,
    "best_val_loss": 0.01050312165170908,
    "best_tr_loss": 0.01225396003574133,
    "best_test_loss": 0.010807431302964687
}