{
    "best_epoch": 367,
    "best_val_loss": 0.06388836354017258,
    "best_tr_loss": 0.18792489171028137,
    "best_test_loss": 0.24020791053771973
}