{
    "best_epoch": 1645,
    "best_val_loss": 0.004051618743687868,
    "best_tr_loss": 0.004716837662272155,
    "best_test_loss": 0.0038470879662781954
}