{
    "best_epoch": 1957,
    "best_val_loss": 0.21387290954589844,
    "best_tr_loss": 0.22001421451568604,
    "best_test_loss": 0.22535574436187744
}