{
    "best_epoch": 422,
    "best_val_loss": 381.1336364746094,
    "best_tr_loss": 427.1343536376953,
    "best_test_loss": 382.02069091796875
}