{
    "best_epoch": 1746,
    "best_val_loss": 0.025277310982346535,
    "best_tr_loss": 0.02730942302598403,
    "best_test_loss": 0.02643514797091484
}