{
    "best_epoch": 496,
    "best_val_loss": 0.007795135490596294,
    "best_tr_loss": 0.008407885115593672,
    "best_test_loss": 0.007665055338293314
}