{
    "best_epoch": 17,
    "best_val_loss": 0.05679311230778694,
    "best_tr_loss": 0.09236524254083633,
    "best_test_loss": 0.06477462500333786
}