{
    "best_epoch": 241,
    "best_val_loss": 0.002725123893469572,
    "best_tr_loss": 0.002225870732218027,
    "best_test_loss": 0.002477757167071104
}