{
    "best_epoch": 1839,
    "best_val_loss": 0.037005797028541565,
    "best_tr_loss": 0.04149537421762943,
    "best_test_loss": 0.03618760406970978
}