{
    "best_epoch": 1853,
    "best_val_loss": 0.3217524588108063,
    "best_tr_loss": 0.2841041535139084,
    "best_test_loss": 0.34917789697647095
}