{
    "best_epoch": 1042,
    "best_val_loss": 0.004715293645858765,
    "best_tr_loss": 0.005630423221737147,
    "best_test_loss": 0.004497651942074299
}