{
    "best_epoch": 60,
    "best_val_loss": 0.19590312242507935,
    "best_tr_loss": 0.20558589696884155,
    "best_test_loss": 0.23021775484085083
}