{
    "best_epoch": 79,
    "best_val_loss": 0.001987642841413617,
    "best_tr_loss": 0.0021400587866082788,
    "best_test_loss": 0.00205615209415555
}