{
    "best_epoch": 363,
    "best_val_loss": 0.03954440727829933,
    "best_tr_loss": 0.04329000108621337,
    "best_test_loss": 0.04085401073098183
}