{
    "best_epoch": 1845,
    "best_val_loss": 0.028568176552653313,
    "best_tr_loss": 0.029802508652210236,
    "best_test_loss": 0.04013112559914589
}