{
    "best_epoch": 1998,
    "best_val_loss": 0.0073454417288303375,
    "best_tr_loss": 0.009516877355054021,
    "best_test_loss": 0.007670327089726925
}