{
    "best_epoch": 1235,
    "best_val_loss": 0.015564266592264175,
    "best_tr_loss": 0.01625584638012307,
    "best_test_loss": 0.01575244963169098
}