{
    "best_epoch": 1343,
    "best_val_loss": 0.1605311781167984,
    "best_tr_loss": 0.16035974191294777,
    "best_test_loss": 0.14303581416606903
}