{
    "best_epoch": 172,
    "best_val_loss": 0.027704253792762756,
    "best_tr_loss": 0.020385149866342545,
    "best_test_loss": 0.021551694720983505
}