{
    "best_epoch": 538,
    "best_val_loss": 0.003451483091339469,
    "best_tr_loss": 0.006372588819691113,
    "best_test_loss": 0.00468705128878355
}