{
    "best_epoch": 161,
    "best_val_loss": 0.0017747353995218873,
    "best_tr_loss": 0.005067992024123669,
    "best_test_loss": 0.001959450077265501
}