{
    "best_epoch": 1144,
    "best_val_loss": 0.04313014820218086,
    "best_tr_loss": 0.041257308423519136,
    "best_test_loss": 0.04191556200385094
}