{
    "best_epoch": 1970,
    "best_val_loss": 0.036655575037002563,
    "best_tr_loss": 0.05938287451863289,
    "best_test_loss": 0.4875960648059845
}