{
    "best_epoch": 212,
    "best_val_loss": 0.024650724604725838,
    "best_tr_loss": 0.023023318499326706,
    "best_test_loss": 0.021565964445471764
}