{
    "best_epoch": 1059,
    "best_val_loss": 0.009496078826487064,
    "best_tr_loss": 0.01483088731765747,
    "best_test_loss": 0.013581926003098488
}