{
    "best_epoch": 402,
    "best_val_loss": 0.008474377915263176,
    "best_tr_loss": 0.12278693914413452,
    "best_test_loss": 0.028220871463418007
}