{
    "best_epoch": 441,
    "best_val_loss": 0.009118875488638878,
    "best_tr_loss": 0.0101923244073987,
    "best_test_loss": 0.009953091852366924
}