{
    "best_epoch": 1147,
    "best_val_loss": 0.04661690071225166,
    "best_tr_loss": 0.05070933368470934,
    "best_test_loss": 0.0497257262468338
}