{
    "best_epoch": 121,
    "best_val_loss": 0.018294617533683777,
    "best_tr_loss": 0.023971110582351685,
    "best_test_loss": 0.02045370079576969
}