{
    "best_epoch": 1559,
    "best_val_loss": 0.04711037129163742,
    "best_tr_loss": 0.05429265275597572,
    "best_test_loss": 0.04719063639640808
}