{
    "best_epoch": 807,
    "best_val_loss": 0.0026363919023424387,
    "best_tr_loss": 0.0026469032745808363,
    "best_test_loss": 0.0038014960009604692
}