{
    "best_epoch": 1410,
    "best_val_loss": 0.001235857722349465,
    "best_tr_loss": 0.0025488983374089003,
    "best_test_loss": 0.00111409614328295
}