{
    "best_epoch": 884,
    "best_val_loss": 0.13444337248802185,
    "best_tr_loss": 0.14170313874880472,
    "best_test_loss": 0.13427917659282684
}