{
    "best_epoch": 274,
    "best_val_loss": 0.007977369241416454,
    "best_tr_loss": 0.006414931267499924,
    "best_test_loss": 0.18350951373577118
}