{
    "best_epoch": 1677,
    "best_val_loss": 0.02922448329627514,
    "best_tr_loss": 0.030481488505999247,
    "best_test_loss": 0.028654025867581367
}