{
    "best_epoch": 825,
    "best_val_loss": 0.04353058710694313,
    "best_tr_loss": 0.043226041831076145,
    "best_test_loss": 0.03972852602601051
}