{
    "best_epoch": 68,
    "best_val_loss": 0.2667456567287445,
    "best_tr_loss": 0.2667456179857254,
    "best_test_loss": 0.27701303362846375
}