{
    "best_epoch": 1999,
    "best_val_loss": 0.005524186883121729,
    "best_tr_loss": 0.003249524626880884,
    "best_test_loss": 0.0042216237634420395
}