{
    "best_epoch": 447,
    "best_val_loss": 0.01854134351015091,
    "best_tr_loss": 0.014696778729557991,
    "best_test_loss": 0.020302699878811836
}