{
    "best_epoch": 982,
    "best_val_loss": 0.027620000764727592,
    "best_tr_loss": 0.02934845776430198,
    "best_test_loss": 0.028958069160580635
}