{
    "best_epoch": 62,
    "best_val_loss": 0.5419462323188782,
    "best_tr_loss": 0.6326427757740021,
    "best_test_loss": 0.6142256855964661
}