{
    "best_epoch": 129,
    "best_val_loss": 0.010203059762716293,
    "best_tr_loss": 0.023616181686520576,
    "best_test_loss": 0.00726298987865448
}