{
    "best_epoch": 219,
    "best_val_loss": 0.03887801617383957,
    "best_tr_loss": 0.04487038031220436,
    "best_test_loss": 0.03954216465353966
}