{
    "best_epoch": 901,
    "best_val_loss": 0.01704844832420349,
    "best_tr_loss": 0.016315295205761988,
    "best_test_loss": 0.01565483585000038
}