{
    "best_epoch": 161,
    "best_val_loss": 0.041487131267786026,
    "best_tr_loss": 0.04809864982962608,
    "best_test_loss": 0.04661943390965462
}