{
    "best_epoch": 317,
    "best_val_loss": 0.0032047871500253677,
    "best_tr_loss": 0.0041191021058087545,
    "best_test_loss": 0.004294298589229584
}