{
    "best_epoch": 122,
    "best_val_loss": 0.004045349080115557,
    "best_tr_loss": 0.007316563627682626,
    "best_test_loss": 0.005223541054874659
}