{
    "best_epoch": 1509,
    "best_val_loss": 0.03856247290968895,
    "best_tr_loss": 0.038935503257172446,
    "best_test_loss": 0.04682881012558937
}