{
    "best_epoch": 1092,
    "best_val_loss": 0.08807142078876495,
    "best_tr_loss": 0.09383287578821183,
    "best_test_loss": 0.08741502463817596
}