{
    "best_epoch": 1659,
    "best_val_loss": 0.1032288521528244,
    "best_tr_loss": 0.11362816691398621,
    "best_test_loss": 0.10885673761367798
}