{
    "best_epoch": 1822,
    "best_val_loss": 0.02474692091345787,
    "best_tr_loss": 0.026032534800469874,
    "best_test_loss": 0.024904675781726837
}