{
    "best_epoch": 278,
    "best_val_loss": 0.04871934652328491,
    "best_tr_loss": 0.06418123841285706,
    "best_test_loss": 0.08641801029443741
}