{
    "best_epoch": 1566,
    "best_val_loss": 0.037764593958854675,
    "best_tr_loss": 0.033713196869939566,
    "best_test_loss": 0.03289591521024704
}