{
    "best_epoch": 69,
    "best_val_loss": 0.007004572078585625,
    "best_tr_loss": 0.008785192389041185,
    "best_test_loss": 0.009388456121087074
}