{
    "best_epoch": 174,
    "best_val_loss": 0.13179518282413483,
    "best_tr_loss": 0.0899883359670639,
    "best_test_loss": 0.19762802124023438
}