{
    "best_epoch": 1869,
    "best_val_loss": 0.039249349385499954,
    "best_tr_loss": 0.04524401002205335,
    "best_test_loss": 0.039437297731637955
}