{
    "best_epoch": 477,
    "best_val_loss": 0.026502851396799088,
    "best_tr_loss": 0.027709688459123884,
    "best_test_loss": 0.029013533145189285
}