{
    "best_epoch": 125,
    "best_val_loss": 0.1007498949766159,
    "best_tr_loss": 0.10006531824668248,
    "best_test_loss": 0.10071045160293579
}