{
    "best_epoch": 431,
    "best_val_loss": 0.029673010110855103,
    "best_tr_loss": 0.026645525225571225,
    "best_test_loss": 0.02609662525355816
}