{
    "best_epoch": 1684,
    "best_val_loss": 0.0025123159866780043,
    "best_tr_loss": 0.002486109617166221,
    "best_test_loss": 0.0030369944870471954
}