{
    "best_epoch": 540,
    "best_val_loss": 0.05486765876412392,
    "best_tr_loss": 0.058726205676794055,
    "best_test_loss": 0.05556498467922211
}