{
    "best_epoch": 1435,
    "best_val_loss": 0.00540900556370616,
    "best_tr_loss": 0.007331375498324633,
    "best_test_loss": 0.0062834275886416435
}