{
    "best_epoch": 796,
    "best_val_loss": 0.0031487089581787586,
    "best_tr_loss": 0.003828468034043908,
    "best_test_loss": 0.0051849898882210255
}