{
    "best_epoch": 1651,
    "best_val_loss": 0.032608192414045334,
    "best_tr_loss": 0.03128248195235546,
    "best_test_loss": 0.029361899942159653
}