{
    "best_epoch": 72,
    "best_val_loss": 0.25722697377204895,
    "best_tr_loss": 0.23680620392163595,
    "best_test_loss": 0.2837185561656952
}