{
    "best_epoch": 1400,
    "best_val_loss": 0.0019631420727819204,
    "best_tr_loss": 0.0023008790449239314,
    "best_test_loss": 0.00185611960478127
}