{
    "best_epoch": 827,
    "best_val_loss": 0.009395726025104523,
    "best_tr_loss": 0.010002888273447752,
    "best_test_loss": 0.011701101437211037
}