{
    "best_epoch": 1387,
    "best_val_loss": 0.01437347661703825,
    "best_tr_loss": 0.016491994468702212,
    "best_test_loss": 0.019133973866701126
}