{
    "best_epoch": 1804,
    "best_val_loss": 0.011674590408802032,
    "best_tr_loss": 0.012256690301001072,
    "best_test_loss": 0.013139639049768448
}