{
    "best_epoch": 136,
    "best_val_loss": 0.00514266500249505,
    "best_tr_loss": 0.006462870970029722,
    "best_test_loss": 0.005083872936666012
}