{
    "best_epoch": 711,
    "best_val_loss": 0.03173016756772995,
    "best_tr_loss": 0.04341059923171997,
    "best_test_loss": 0.05439828708767891
}