{
    "best_epoch": 770,
    "best_val_loss": 0.0022250195033848286,
    "best_tr_loss": 0.002987769665196538,
    "best_test_loss": 0.002650505630299449
}