{
    "best_epoch": 1604,
    "best_val_loss": 0.04104626551270485,
    "best_tr_loss": 0.04607123136520386,
    "best_test_loss": 0.03763498738408089
}