{
    "best_epoch": 1954,
    "best_val_loss": 0.0055886865593492985,
    "best_tr_loss": 0.005692617645343909,
    "best_test_loss": 0.005537467543035746
}