{
    "best_epoch": 1784,
    "best_val_loss": 0.005261015612632036,
    "best_tr_loss": 0.007140411233360117,
    "best_test_loss": 0.004800138995051384
}