{
    "best_epoch": 686,
    "best_val_loss": 0.00778254633769393,
    "best_tr_loss": 0.24778436124324799,
    "best_test_loss": 0.04772109538316727
}