{
    "best_epoch": 159,
    "best_val_loss": 0.026603566482663155,
    "best_tr_loss": 0.031165217980742455,
    "best_test_loss": 0.0523238442838192
}