{
    "best_epoch": 240,
    "best_val_loss": 0.0218101404607296,
    "best_tr_loss": 0.01949070207774639,
    "best_test_loss": 0.01923413947224617
}