{
    "best_epoch": 1832,
    "best_val_loss": 0.026383502408862114,
    "best_tr_loss": 0.04025591164827347,
    "best_test_loss": 0.03796391934156418
}