{
    "best_epoch": 173,
    "best_val_loss": 0.006031088996678591,
    "best_tr_loss": 0.016663435846567154,
    "best_test_loss": 0.022348549216985703
}