{
    "best_epoch": 621,
    "best_val_loss": 0.00560413021594286,
    "best_tr_loss": 0.006233398802578449,
    "best_test_loss": 0.006046537309885025
}