{
    "best_epoch": 808,
    "best_val_loss": 0.02744467929005623,
    "best_tr_loss": 0.02901187026873231,
    "best_test_loss": 0.03112410381436348
}