{
    "best_epoch": 1020,
    "best_val_loss": 0.29713401198387146,
    "best_tr_loss": 0.3425164222717285,
    "best_test_loss": 0.35003146529197693
}