{
    "best_epoch": 313,
    "best_val_loss": 0.007011552806943655,
    "best_tr_loss": 0.010909555479884148,
    "best_test_loss": 0.012344781309366226
}