{
    "best_epoch": 772,
    "best_val_loss": 0.01825098507106304,
    "best_tr_loss": 0.024145117960870266,
    "best_test_loss": 0.018599191680550575
}