{
    "best_epoch": 476,
    "best_val_loss": 0.25749829411506653,
    "best_tr_loss": 0.3875208906829357,
    "best_test_loss": 0.2664962708950043
}