{
    "best_epoch": 425,
    "best_val_loss": 0.03274372220039368,
    "best_tr_loss": 0.0415586456656456,
    "best_test_loss": 0.02167712338268757
}