{
    "best_epoch": 1019,
    "best_val_loss": 0.008640656247735023,
    "best_tr_loss": 0.010270427679643035,
    "best_test_loss": 0.007554188836365938
}