{
    "best_epoch": 48,
    "best_val_loss": 0.10280783474445343,
    "best_tr_loss": 0.09311624902945298,
    "best_test_loss": 0.06953251361846924
}