{
    "best_epoch": 373,
    "best_val_loss": 0.1794140487909317,
    "best_tr_loss": 0.1944784348209699,
    "best_test_loss": 0.2048661857843399
}