{
    "best_epoch": 1936,
    "best_val_loss": 0.09395412355661392,
    "best_tr_loss": 0.09622809155420824,
    "best_test_loss": 0.09321607649326324
}