{
    "best_epoch": 1819,
    "best_val_loss": 0.011814798228442669,
    "best_tr_loss": 0.012515980284661055,
    "best_test_loss": 0.016007283702492714
}