{
    "best_epoch": 364,
    "best_val_loss": 0.010347741656005383,
    "best_tr_loss": 0.00969658326357603,
    "best_test_loss": 0.014428586699068546
}