{
    "best_epoch": 99,
    "best_val_loss": 0.004116383381187916,
    "best_tr_loss": 0.015360641293227673,
    "best_test_loss": 0.003425721311941743
}