{
    "best_epoch": 1450,
    "best_val_loss": 0.02145354449748993,
    "best_tr_loss": 0.02362389750778675,
    "best_test_loss": 0.02164454199373722
}