{
    "best_epoch": 1597,
    "best_val_loss": 0.051602426916360855,
    "best_tr_loss": 0.053485078861316045,
    "best_test_loss": 0.050320785492658615
}