{
    "best_epoch": 1101,
    "best_val_loss": 0.014348216354846954,
    "best_tr_loss": 0.017784129828214645,
    "best_test_loss": 0.01171071082353592
}