{
    "best_epoch": 428,
    "best_val_loss": 0.005304703023284674,
    "best_tr_loss": 0.005511363657812278,
    "best_test_loss": 0.006900547072291374
}