{
    "best_epoch": 48,
    "best_val_loss": 0.0040092552080750465,
    "best_tr_loss": 0.00569537243184944,
    "best_test_loss": 0.005171181168407202
}