{
    "best_epoch": 1443,
    "best_val_loss": 0.00862707570195198,
    "best_tr_loss": 0.024826626723202374,
    "best_test_loss": 0.008049501106142998
}