{
    "best_epoch": 736,
    "best_val_loss": 0.0045234733261168,
    "best_tr_loss": 0.0057111293077468876,
    "best_test_loss": 0.005536816548556089
}