{
    "best_epoch": 206,
    "best_val_loss": 0.009311636909842491,
    "best_tr_loss": 0.01084512746375468,
    "best_test_loss": 0.012221423909068108
}