{
    "best_epoch": 554,
    "best_val_loss": 0.004193744156509638,
    "best_tr_loss": 0.004032930359244347,
    "best_test_loss": 0.003752075368538499
}