{
    "best_epoch": 1935,
    "best_val_loss": 0.0041346256621181965,
    "best_tr_loss": 0.005443936912342906,
    "best_test_loss": 0.004759886302053928
}