{
    "best_epoch": 551,
    "best_val_loss": 0.026826558634638786,
    "best_tr_loss": 0.015092964400537312,
    "best_test_loss": 0.03111008182168007
}