{
    "best_epoch": 474,
    "best_val_loss": 0.004399578087031841,
    "best_tr_loss": 0.005628046113997698,
    "best_test_loss": 0.006757364608347416
}