{
    "best_epoch": 646,
    "best_val_loss": 0.028641389682888985,
    "best_tr_loss": 0.039499359826246895,
    "best_test_loss": 0.04462511092424393
}