{
    "best_epoch": 1265,
    "best_val_loss": 0.003405036637559533,
    "best_tr_loss": 0.004239918460370973,
    "best_test_loss": 0.003437132341787219
}