{
    "best_epoch": 1105,
    "best_val_loss": 0.018392231315374374,
    "best_tr_loss": 0.024162611924111843,
    "best_test_loss": 0.021584225818514824
}