{
    "best_epoch": 1315,
    "best_val_loss": 0.02039278857409954,
    "best_tr_loss": 0.025272908103134897,
    "best_test_loss": 0.021346578374505043
}