{
    "best_epoch": 136,
    "best_val_loss": 0.016540274024009705,
    "best_tr_loss": 0.013716517947614193,
    "best_test_loss": 0.014452219940721989
}