{
    "best_epoch": 555,
    "best_val_loss": 0.003123166970908642,
    "best_tr_loss": 0.004491696832701564,
    "best_test_loss": 0.005538448225706816
}