{
    "best_epoch": 230,
    "best_val_loss": 0.028998106718063354,
    "best_tr_loss": 0.04023953527212143,
    "best_test_loss": 0.030796336010098457
}