{
    "best_epoch": 75,
    "best_val_loss": 0.04243123531341553,
    "best_tr_loss": 0.03948392905294895,
    "best_test_loss": 0.042136043310165405
}