{
    "best_epoch": 464,
    "best_val_loss": 0.009264873340725899,
    "best_tr_loss": 0.009027752093970776,
    "best_test_loss": 0.010318177752196789
}