{
    "best_epoch": 1249,
    "best_val_loss": 0.10411956161260605,
    "best_tr_loss": 0.11100041419267655,
    "best_test_loss": 0.11062134057283401
}