{
    "best_epoch": 1710,
    "best_val_loss": 0.023345772176980972,
    "best_tr_loss": 0.038442425429821014,
    "best_test_loss": 0.03274178132414818
}