{
    "best_epoch": 1464,
    "best_val_loss": 0.06184365600347519,
    "best_tr_loss": 0.06501224869862199,
    "best_test_loss": 0.07150749862194061
}