{
    "best_epoch": 198,
    "best_val_loss": 0.004616850055754185,
    "best_tr_loss": 0.005189461737043328,
    "best_test_loss": 0.004330305382609367
}