{
    "best_epoch": 298,
    "best_val_loss": 0.012051169760525227,
    "best_tr_loss": 0.01703488640487194,
    "best_test_loss": 0.019275015220046043
}