{
    "best_epoch": 960,
    "best_val_loss": 0.02344120480120182,
    "best_tr_loss": 0.028250861912965775,
    "best_test_loss": 0.0241727065294981
}