{
    "best_epoch": 78,
    "best_val_loss": 0.030329672619700432,
    "best_tr_loss": 0.029045412316918373,
    "best_test_loss": 0.18392029404640198
}