{
    "best_epoch": 1514,
    "best_val_loss": 0.01717306859791279,
    "best_tr_loss": 0.018996779891577633,
    "best_test_loss": 0.01892976090312004
}