{
    "best_epoch": 1074,
    "best_val_loss": 0.046906761825084686,
    "best_tr_loss": 0.054883684031665325,
    "best_test_loss": 0.05248161032795906
}