{
    "best_epoch": 1714,
    "best_val_loss": 0.005430510733276606,
    "best_tr_loss": 0.005647772457450628,
    "best_test_loss": 0.005066607613116503
}