{
    "best_epoch": 43,
    "best_val_loss": 0.1421557068824768,
    "best_tr_loss": 0.16875447034835817,
    "best_test_loss": 0.14461196959018707
}