{
    "best_epoch": 211,
    "best_val_loss": 0.01807049661874771,
    "best_tr_loss": 0.019879120402038097,
    "best_test_loss": 0.018616868183016777
}