{
    "best_epoch": 103,
    "best_val_loss": 0.0038888505659997463,
    "best_tr_loss": 0.0032956062350422144,
    "best_test_loss": 0.0037804769817739725
}