{
    "best_epoch": 325,
    "best_val_loss": 0.06539475172758102,
    "best_tr_loss": 0.07185002416372299,
    "best_test_loss": 0.08540917932987213
}