{
    "best_epoch": 674,
    "best_val_loss": 0.018714621663093567,
    "best_tr_loss": 0.018014047915736835,
    "best_test_loss": 0.017316780984401703
}