{
    "best_epoch": 190,
    "best_val_loss": 0.027929654344916344,
    "best_tr_loss": 0.04265522211790085,
    "best_test_loss": 0.03243838623166084
}