{
    "best_epoch": 533,
    "best_val_loss": 0.10362658649682999,
    "best_tr_loss": 0.05218920856714249,
    "best_test_loss": 0.12033391743898392
}