{
    "best_epoch": 969,
    "best_val_loss": 0.04314928501844406,
    "best_tr_loss": 0.05017618089914322,
    "best_test_loss": 0.05863020196557045
}