{
    "best_epoch": 1631,
    "best_val_loss": 0.05458778142929077,
    "best_tr_loss": 0.06862075626850128,
    "best_test_loss": 0.08271994441747665
}