{
    "best_epoch": 192,
    "best_val_loss": 0.13248586654663086,
    "best_tr_loss": 0.17371650785207748,
    "best_test_loss": 0.20996545255184174
}