{
    "best_epoch": 1065,
    "best_val_loss": 0.015695884823799133,
    "best_tr_loss": 0.01484163198620081,
    "best_test_loss": 0.014155647717416286
}