{
    "best_epoch": 1830,
    "best_val_loss": 0.0010417989687994123,
    "best_tr_loss": 0.0012991723682110508,
    "best_test_loss": 0.0012597166933119297
}