{
    "best_epoch": 249,
    "best_val_loss": 0.008626182563602924,
    "best_tr_loss": 0.007848873268812895,
    "best_test_loss": 0.008564233779907227
}