{
    "best_epoch": 1340,
    "best_val_loss": 0.03215929493308067,
    "best_tr_loss": 0.031097755767405033,
    "best_test_loss": 0.03904758766293526
}