{
    "best_epoch": 646,
    "best_val_loss": 0.05420370027422905,
    "best_tr_loss": 0.05539036262780428,
    "best_test_loss": 0.059317369014024734
}