{
    "best_epoch": 441,
    "best_val_loss": 0.012551226653158665,
    "best_tr_loss": 0.013298345729708672,
    "best_test_loss": 0.018664687871932983
}