{
    "best_epoch": 119,
    "best_val_loss": 0.014922580681741238,
    "best_tr_loss": 0.022733870893716812,
    "best_test_loss": 0.034993432462215424
}