{
    "best_epoch": 1927,
    "best_val_loss": 0.009041091427206993,
    "best_tr_loss": 0.008344916782031456,
    "best_test_loss": 0.006961719132959843
}