{
    "best_epoch": 1890,
    "best_val_loss": 0.020380239933729172,
    "best_tr_loss": 0.027486690754691758,
    "best_test_loss": 0.0204039067029953
}