{
    "best_epoch": 1916,
    "best_val_loss": 0.13513295352458954,
    "best_tr_loss": 0.14191927867276327,
    "best_test_loss": 0.12543584406375885
}