{
    "best_epoch": 1167,
    "best_val_loss": 0.0014707900118082762,
    "best_tr_loss": 0.001712767890869425,
    "best_test_loss": 0.0015077871503308415
}