{
    "best_epoch": 1599,
    "best_val_loss": 0.079779714345932,
    "best_tr_loss": 0.08282248675823212,
    "best_test_loss": 0.0783669576048851
}