{
    "best_epoch": 507,
    "best_val_loss": 0.12405877560377121,
    "best_tr_loss": 0.18210068345069885,
    "best_test_loss": 0.34615394473075867
}