{
    "best_epoch": 1931,
    "best_val_loss": 0.01641867682337761,
    "best_tr_loss": 0.01955615868791938,
    "best_test_loss": 0.01570243388414383
}