{
    "best_epoch": 105,
    "best_val_loss": 0.041061338037252426,
    "best_tr_loss": 0.08369069546461105,
    "best_test_loss": 0.0897594764828682
}