{
    "best_epoch": 1134,
    "best_val_loss": 0.002298968378454447,
    "best_tr_loss": 0.0033486054453533143,
    "best_test_loss": 0.0021612646523863077
}