{
    "best_epoch": 34,
    "best_val_loss": 0.05696927383542061,
    "best_tr_loss": 0.061411086883809834,
    "best_test_loss": 0.06009778752923012
}