{
    "best_epoch": 266,
    "best_val_loss": 0.1475507616996765,
    "best_tr_loss": 0.1859460324048996,
    "best_test_loss": 0.1503530889749527
}