{
    "best_epoch": 1199,
    "best_val_loss": 0.002427272964268923,
    "best_tr_loss": 0.0024057820749779544,
    "best_test_loss": 0.0024524459149688482
}