{
    "best_epoch": 1481,
    "best_val_loss": 0.004626499954611063,
    "best_tr_loss": 0.003411367069929838,
    "best_test_loss": 0.036979466676712036
}