{
    "best_epoch": 573,
    "best_val_loss": 0.008016481064260006,
    "best_tr_loss": 0.007695469632744789,
    "best_test_loss": 0.004395621828734875
}