{
    "best_epoch": 717,
    "best_val_loss": 0.025546107441186905,
    "best_tr_loss": 0.030330550236006577,
    "best_test_loss": 0.03236597776412964
}