{
    "best_epoch": 584,
    "best_val_loss": 0.021799897775053978,
    "best_tr_loss": 0.02479661681822368,
    "best_test_loss": 0.024331307038664818
}