{
    "best_epoch": 1102,
    "best_val_loss": 0.006021921522915363,
    "best_tr_loss": 0.0057224188931286335,
    "best_test_loss": 0.006535531487315893
}