{
    "best_epoch": 103,
    "best_val_loss": 0.1700083315372467,
    "best_tr_loss": 0.16696216464042662,
    "best_test_loss": 0.1642422378063202
}