{
    "best_epoch": 115,
    "best_val_loss": 0.02922767959535122,
    "best_tr_loss": 0.03494657203555107,
    "best_test_loss": 0.03278319910168648
}