{
    "best_epoch": 1351,
    "best_val_loss": 0.13576307892799377,
    "best_tr_loss": 0.1414588342110316,
    "best_test_loss": 0.11808354407548904
}