{
    "best_epoch": 147,
    "best_val_loss": 0.07492603361606598,
    "best_tr_loss": 0.07435640692710876,
    "best_test_loss": 0.12777085602283478
}