{
    "best_epoch": 265,
    "best_val_loss": 0.03947298973798752,
    "best_tr_loss": 0.044822968542575836,
    "best_test_loss": 0.04974906146526337
}