{
    "best_epoch": 1325,
    "best_val_loss": 0.005218947306275368,
    "best_tr_loss": 0.005221923658003409,
    "best_test_loss": 0.00555049953982234
}