{
    "best_epoch": 251,
    "best_val_loss": 0.0016814658883959055,
    "best_tr_loss": 0.002242986753117293,
    "best_test_loss": 0.0018891379004344344
}