{
    "best_epoch": 1619,
    "best_val_loss": 0.32945165038108826,
    "best_tr_loss": 0.32862361272176105,
    "best_test_loss": 0.3478770852088928
}