{
    "best_epoch": 1995,
    "best_val_loss": 0.005979242734611034,
    "best_tr_loss": 0.0059408861478524545,
    "best_test_loss": 0.00632312661036849
}