{
    "best_epoch": 406,
    "best_val_loss": 0.0026797261089086533,
    "best_tr_loss": 0.004157433286309242,
    "best_test_loss": 0.003957338631153107
}