{
    "best_epoch": 1464,
    "best_val_loss": 0.02080085501074791,
    "best_tr_loss": 0.023042048482845228,
    "best_test_loss": 0.020817333832383156
}