{
    "best_epoch": 1245,
    "best_val_loss": 0.004212488420307636,
    "best_tr_loss": 0.008981497026979923,
    "best_test_loss": 0.0032613922376185656
}