{
    "best_epoch": 223,
    "best_val_loss": 0.1561705768108368,
    "best_tr_loss": 0.19230443984270096,
    "best_test_loss": 0.18414278328418732
}