{
    "best_epoch": 91,
    "best_val_loss": 0.004413579124957323,
    "best_tr_loss": 0.013801168650388718,
    "best_test_loss": 0.007002909667789936
}