{
    "best_epoch": 59,
    "best_val_loss": 0.012929495424032211,
    "best_tr_loss": 0.016286867205053568,
    "best_test_loss": 0.020406952127814293
}