{
    "best_epoch": 1928,
    "best_val_loss": 0.00896415114402771,
    "best_tr_loss": 0.010155647097585293,
    "best_test_loss": 0.008963651023805141
}