{
    "best_epoch": 287,
    "best_val_loss": 0.006871326826512814,
    "best_tr_loss": 0.007749827148822637,
    "best_test_loss": 0.006932603660970926
}