{
    "best_epoch": 1708,
    "best_val_loss": 0.00257802358828485,
    "best_tr_loss": 0.0028033460257574916,
    "best_test_loss": 0.003227520501241088
}