{
    "best_epoch": 1306,
    "best_val_loss": 0.3017367124557495,
    "best_tr_loss": 0.3108471781015396,
    "best_test_loss": 0.2922855615615845
}