{
    "best_epoch": 233,
    "best_val_loss": 0.0022583389654755592,
    "best_tr_loss": 0.00417491770349443,
    "best_test_loss": 0.0025180743541568518
}