{
    "best_epoch": 779,
    "best_val_loss": 0.008735734038054943,
    "best_tr_loss": 0.009926881020267805,
    "best_test_loss": 0.008833836764097214
}