{
    "best_epoch": 105,
    "best_val_loss": 0.11178090423345566,
    "best_tr_loss": 0.11486135919888814,
    "best_test_loss": 0.09184940904378891
}