{
    "best_epoch": 95,
    "best_val_loss": 0.015971483662724495,
    "best_tr_loss": 0.018903471529483795,
    "best_test_loss": 0.015116295777261257
}