{
    "best_epoch": 35,
    "best_val_loss": 0.2316157966852188,
    "best_tr_loss": 0.2582252025604248,
    "best_test_loss": 0.41255250573158264
}