{
    "best_epoch": 1669,
    "best_val_loss": 0.04971257969737053,
    "best_tr_loss": 0.053721173852682116,
    "best_test_loss": 0.04815465956926346
}