{
    "best_epoch": 737,
    "best_val_loss": 0.06905696541070938,
    "best_tr_loss": 0.08012792033453782,
    "best_test_loss": 0.07985132187604904
}