{
    "best_epoch": 1825,
    "best_val_loss": 0.09493916481733322,
    "best_tr_loss": 0.1523706316947937,
    "best_test_loss": 0.2340814471244812
}