{
    "best_epoch": 278,
    "best_val_loss": 0.0137126250192523,
    "best_tr_loss": 0.029232477769255638,
    "best_test_loss": 0.01580890454351902
}