{
    "best_epoch": 113,
    "best_val_loss": 0.06905634701251984,
    "best_tr_loss": 0.3011583089828491,
    "best_test_loss": 0.4803156554698944
}