{
    "best_epoch": 76,
    "best_val_loss": 0.027859030291438103,
    "best_tr_loss": 0.07794485241174698,
    "best_test_loss": 0.24348823726177216
}