{
    "best_epoch": 173,
    "best_val_loss": 0.0037881715688854456,
    "best_tr_loss": 0.004071934051656474,
    "best_test_loss": 0.0039029798936098814
}