{
    "best_epoch": 936,
    "best_val_loss": 0.008508937433362007,
    "best_tr_loss": 0.012973737437278032,
    "best_test_loss": 0.00984418299049139
}