{
    "best_epoch": 687,
    "best_val_loss": 0.00612420542165637,
    "best_tr_loss": 0.005503236781805754,
    "best_test_loss": 0.006949356757104397
}