{
    "best_epoch": 1856,
    "best_val_loss": 0.027879660949110985,
    "best_tr_loss": 0.033319273963570595,
    "best_test_loss": 0.028477557003498077
}