{
    "best_epoch": 6,
    "best_val_loss": 0.09964744001626968,
    "best_tr_loss": 0.11987210810184479,
    "best_test_loss": 0.12619049847126007
}