{
    "best_epoch": 398,
    "best_val_loss": 0.00317714037373662,
    "best_tr_loss": 0.010060020722448826,
    "best_test_loss": 0.0061922031454741955
}