{
    "best_epoch": 1000,
    "best_val_loss": 0.05230199173092842,
    "best_tr_loss": 0.04908150061964989,
    "best_test_loss": 0.06607429683208466
}