{
    "best_epoch": 128,
    "best_val_loss": 0.005078701768070459,
    "best_tr_loss": 0.008066656650044024,
    "best_test_loss": 0.004823213908821344
}