{
    "best_epoch": 1942,
    "best_val_loss": 0.023125052452087402,
    "best_tr_loss": 0.035782624036073685,
    "best_test_loss": 0.03985632210969925
}