{
    "best_epoch": 1370,
    "best_val_loss": 0.008351569063961506,
    "best_tr_loss": 0.011011352995410562,
    "best_test_loss": 0.008688786998391151
}