{
    "best_epoch": 708,
    "best_val_loss": 0.0420912466943264,
    "best_tr_loss": 0.038305819034576416,
    "best_test_loss": 0.03757277503609657
}