{
    "best_epoch": 719,
    "best_val_loss": 0.05317544937133789,
    "best_tr_loss": 0.04254208132624626,
    "best_test_loss": 0.04989215359091759
}