{
    "best_epoch": 44,
    "best_val_loss": 0.3359190821647644,
    "best_tr_loss": 0.3712118208408356,
    "best_test_loss": 0.327791690826416
}