{
    "best_epoch": 85,
    "best_val_loss": 0.014306234195828438,
    "best_tr_loss": 0.014685853943228721,
    "best_test_loss": 0.014297109097242355
}