{
    "best_epoch": 1821,
    "best_val_loss": 0.08907278627157211,
    "best_tr_loss": 0.09629280865192413,
    "best_test_loss": 0.0898229256272316
}