{
    "best_epoch": 146,
    "best_val_loss": 0.04393767938017845,
    "best_tr_loss": 0.04794977605342865,
    "best_test_loss": 0.0689067542552948
}