{
    "best_epoch": 211,
    "best_val_loss": 0.004940221086144447,
    "best_tr_loss": 0.03736784681677818,
    "best_test_loss": 0.0069042532704770565
}