{
    "best_epoch": 97,
    "best_val_loss": 0.010834566317498684,
    "best_tr_loss": 0.015901198610663414,
    "best_test_loss": 0.023175017908215523
}