{
    "best_epoch": 512,
    "best_val_loss": 0.0033456417731940746,
    "best_tr_loss": 0.0043162750856329994,
    "best_test_loss": 0.003260483732447028
}