{
    "best_epoch": 808,
    "best_val_loss": 0.001466990215703845,
    "best_tr_loss": 0.003241211358856942,
    "best_test_loss": 0.001665598596446216
}