{
    "best_epoch": 37,
    "best_val_loss": 0.058995477855205536,
    "best_tr_loss": 0.06670611537992954,
    "best_test_loss": 0.0570739284157753
}