{
    "best_epoch": 654,
    "best_val_loss": 0.03662703186273575,
    "best_tr_loss": 0.03510546560088793,
    "best_test_loss": 0.03574385493993759
}