{
    "best_epoch": 1607,
    "best_val_loss": 0.0022112815640866756,
    "best_tr_loss": 0.0022439216263592243,
    "best_test_loss": 0.0027553029358386993
}