{
    "best_epoch": 1300,
    "best_val_loss": 0.012761232443153858,
    "best_tr_loss": 0.014111506752669811,
    "best_test_loss": 0.010416220873594284
}