{
    "best_epoch": 777,
    "best_val_loss": 0.0028869551606476307,
    "best_tr_loss": 0.0034011886713819373,
    "best_test_loss": 0.002418878488242626
}