{
    "best_epoch": 837,
    "best_val_loss": 0.017529362812638283,
    "best_tr_loss": 0.02008993551135063,
    "best_test_loss": 0.02022991143167019
}