{
    "best_epoch": 1416,
    "best_val_loss": 0.018982216715812683,
    "best_tr_loss": 0.02125238347798586,
    "best_test_loss": 0.02007577195763588
}