{
    "best_epoch": 241,
    "best_val_loss": 0.054563745856285095,
    "best_tr_loss": 0.05399015732109547,
    "best_test_loss": 0.06520840525627136
}