{
    "best_epoch": 1779,
    "best_val_loss": 0.2649834454059601,
    "best_tr_loss": 0.28209463093015885,
    "best_test_loss": 0.26912808418273926
}