{
    "best_epoch": 1996,
    "best_val_loss": 0.0022834620904177427,
    "best_tr_loss": 0.0028125214157626033,
    "best_test_loss": 0.0023689523804932833
}