{
    "best_epoch": 1508,
    "best_val_loss": 0.009143197908997536,
    "best_tr_loss": 0.010199546148734433,
    "best_test_loss": 0.009341258555650711
}