{
    "best_epoch": 198,
    "best_val_loss": 0.00442888680845499,
    "best_tr_loss": 0.005668611032888293,
    "best_test_loss": 0.00750264897942543
}