{
    "best_epoch": 332,
    "best_val_loss": 0.0021507141645997763,
    "best_tr_loss": 0.004376893863081932,
    "best_test_loss": 0.025769028812646866
}