{
    "best_epoch": 438,
    "best_val_loss": 0.02536058984696865,
    "best_tr_loss": 0.03210838722685973,
    "best_test_loss": 0.024915408343076706
}