{
    "best_epoch": 731,
    "best_val_loss": 0.0018027628539130092,
    "best_tr_loss": 0.001716981118079275,
    "best_test_loss": 0.0016192932380363345
}