{
    "best_epoch": 1932,
    "best_val_loss": 0.24966418743133545,
    "best_tr_loss": 0.2500852458178997,
    "best_test_loss": 0.24184660613536835
}