{
    "best_epoch": 744,
    "best_val_loss": 0.02140107750892639,
    "best_tr_loss": 0.026285159246375162,
    "best_test_loss": 0.020714566111564636
}