{
    "best_epoch": 1498,
    "best_val_loss": 0.002876511076465249,
    "best_tr_loss": 0.005561407539062202,
    "best_test_loss": 0.005154564511030912
}