{
    "best_epoch": 66,
    "best_val_loss": 0.1806938499212265,
    "best_tr_loss": 0.42549484968185425,
    "best_test_loss": 0.1785099357366562
}