{
    "best_epoch": 872,
    "best_val_loss": 0.007154119201004505,
    "best_tr_loss": 0.01015881382461105,
    "best_test_loss": 0.007640628609806299
}