{
    "best_epoch": 511,
    "best_val_loss": 0.002525959862396121,
    "best_tr_loss": 0.0031572761169324317,
    "best_test_loss": 0.0024163268972188234
}