{
    "best_epoch": 677,
    "best_val_loss": 0.006180383265018463,
    "best_tr_loss": 0.006143036631069013,
    "best_test_loss": 0.007381828967481852
}