{
    "best_epoch": 1790,
    "best_val_loss": 0.009696125984191895,
    "best_tr_loss": 0.01336486916989088,
    "best_test_loss": 0.006642341148108244
}