{
    "best_epoch": 174,
    "best_val_loss": 0.0060389721766114235,
    "best_tr_loss": 0.006998050957918167,
    "best_test_loss": 0.007636943832039833
}