{
    "best_epoch": 1247,
    "best_val_loss": 0.05228918790817261,
    "best_tr_loss": 0.05501274764537811,
    "best_test_loss": 0.055329579859972
}