{
    "best_epoch": 1580,
    "best_val_loss": 0.007102465257048607,
    "best_tr_loss": 0.008625453338027,
    "best_test_loss": 0.007991795428097248
}