{
    "best_epoch": 1040,
    "best_val_loss": 0.0440354086458683,
    "best_tr_loss": 0.04144434854388237,
    "best_test_loss": 0.04559951648116112
}