{
    "best_epoch": 1162,
    "best_val_loss": 0.0018247459083795547,
    "best_tr_loss": 0.0017125264275819063,
    "best_test_loss": 0.0015167631208896637
}