{
    "best_epoch": 469,
    "best_val_loss": 0.0026863189414143562,
    "best_tr_loss": 0.0030848284251987932,
    "best_test_loss": 0.002636398421600461
}