{
    "best_epoch": 385,
    "best_val_loss": 0.004770989529788494,
    "best_tr_loss": 0.014944066293537617,
    "best_test_loss": 0.015987783670425415
}