{
    "best_epoch": 789,
    "best_val_loss": 0.010529744438827038,
    "best_tr_loss": 0.008642248809337616,
    "best_test_loss": 0.009577467106282711
}