{
    "best_epoch": 898,
    "best_val_loss": 0.14033176004886627,
    "best_tr_loss": 0.14272011630237103,
    "best_test_loss": 0.13698528707027435
}