{
    "best_epoch": 8,
    "best_val_loss": 0.01579432748258114,
    "best_tr_loss": 0.015987515521164123,
    "best_test_loss": 0.01481656078249216
}