{
    "best_epoch": 1744,
    "best_val_loss": 0.06331183761358261,
    "best_tr_loss": 0.07538507506251335,
    "best_test_loss": 0.07689410448074341
}