{
    "best_epoch": 538,
    "best_val_loss": 0.020120667293667793,
    "best_tr_loss": 0.03298818692564964,
    "best_test_loss": 0.04684767127037048
}