{
    "best_epoch": 576,
    "best_val_loss": 0.6448075175285339,
    "best_tr_loss": 0.6464291877216763,
    "best_test_loss": 0.6525578498840332
}