{
    "best_epoch": 978,
    "best_val_loss": 0.002824632218107581,
    "best_tr_loss": 0.003541933954693377,
    "best_test_loss": 0.0028079866897314787
}