{
    "best_epoch": 1228,
    "best_val_loss": 0.17716868221759796,
    "best_tr_loss": 0.11963978782296181,
    "best_test_loss": 0.1315828114748001
}