{
    "best_epoch": 885,
    "best_val_loss": 0.004813606850802898,
    "best_tr_loss": 0.005982022266834974,
    "best_test_loss": 0.004721657373011112
}