{
    "best_epoch": 1104,
    "best_val_loss": 0.01696399226784706,
    "best_tr_loss": 0.028756830220421154,
    "best_test_loss": 0.018185438588261604
}