{
    "best_epoch": 508,
    "best_val_loss": 0.00313098868355155,
    "best_tr_loss": 0.004019762130661143,
    "best_test_loss": 0.003233719617128372
}