{
    "best_epoch": 451,
    "best_val_loss": 0.09867343306541443,
    "best_tr_loss": 0.07786177098751068,
    "best_test_loss": 0.7522481679916382
}