{
    "best_epoch": 1255,
    "best_val_loss": 0.003111142897978425,
    "best_tr_loss": 0.003590778318337268,
    "best_test_loss": 0.0030051511712372303
}