{
    "best_epoch": 70,
    "best_val_loss": 0.10273335874080658,
    "best_tr_loss": 0.11113157549074718,
    "best_test_loss": 0.09469515085220337
}