{
    "best_epoch": 964,
    "best_val_loss": 0.006341088097542524,
    "best_tr_loss": 0.007021425291895866,
    "best_test_loss": 0.009642178192734718
}