{
    "best_epoch": 140,
    "best_val_loss": 0.003481669584289193,
    "best_tr_loss": 0.0037301425356417893,
    "best_test_loss": 0.0033870055340230465
}