{
    "best_epoch": 568,
    "best_val_loss": 0.2543052136898041,
    "best_tr_loss": 0.25362759026197285,
    "best_test_loss": 0.25890907645225525
}