{
    "best_epoch": 1707,
    "best_val_loss": 0.021456610411405563,
    "best_tr_loss": 0.023852767422795296,
    "best_test_loss": 0.024188261479139328
}