{
    "best_epoch": 960,
    "best_val_loss": 0.022201187908649445,
    "best_tr_loss": 0.026429194025695324,
    "best_test_loss": 0.023935001343488693
}