{
    "best_epoch": 1536,
    "best_val_loss": 0.013439292088150978,
    "best_tr_loss": 0.014036291046068072,
    "best_test_loss": 0.013765272684395313
}