{
    "best_epoch": 510,
    "best_val_loss": 0.02077106013894081,
    "best_tr_loss": 0.02294123452156782,
    "best_test_loss": 0.022820163518190384
}