{
    "best_epoch": 594,
    "best_val_loss": 0.004129922948777676,
    "best_tr_loss": 0.004096062853932381,
    "best_test_loss": 0.006887167692184448
}