{
    "best_epoch": 384,
    "best_val_loss": 0.05157681554555893,
    "best_tr_loss": 0.06667149066925049,
    "best_test_loss": 0.061372119933366776
}