{
    "best_epoch": 988,
    "best_val_loss": 0.011263788677752018,
    "best_tr_loss": 0.01003087405115366,
    "best_test_loss": 0.011774138547480106
}