{
    "best_epoch": 1471,
    "best_val_loss": 0.2968904674053192,
    "best_tr_loss": 0.3111551489148821,
    "best_test_loss": 0.303996741771698
}