{
    "best_epoch": 325,
    "best_val_loss": 0.00984141044318676,
    "best_tr_loss": 0.013614358719099651,
    "best_test_loss": 0.010560551658272743
}