{
    "best_epoch": 1379,
    "best_val_loss": 0.00681439321488142,
    "best_tr_loss": 0.01013772340061573,
    "best_test_loss": 0.007289762608706951
}