{
    "best_epoch": 1879,
    "best_val_loss": 0.03400515019893646,
    "best_tr_loss": 0.0451398640871048,
    "best_test_loss": 0.037459757179021835
}