{
    "best_epoch": 1306,
    "best_val_loss": 0.00681781442835927,
    "best_tr_loss": 0.012499238830059767,
    "best_test_loss": 0.007425055839121342
}