{
    "best_epoch": 475,
    "best_val_loss": 0.010760767385363579,
    "best_tr_loss": 0.024564011288540705,
    "best_test_loss": 0.011478621512651443
}