{
    "best_epoch": 130,
    "best_val_loss": 0.019577976316213608,
    "best_tr_loss": 0.025877653931578,
    "best_test_loss": 0.01954660564661026
}