{
    "best_epoch": 943,
    "best_val_loss": 0.010856183245778084,
    "best_tr_loss": 0.009339136071503162,
    "best_test_loss": 0.011162225157022476
}