{
    "best_epoch": 100,
    "best_val_loss": 0.008060219697654247,
    "best_tr_loss": 0.013767948374152184,
    "best_test_loss": 0.02207806706428528
}