{
    "best_epoch": 406,
    "best_val_loss": 0.008229424245655537,
    "best_tr_loss": 0.011278546415269375,
    "best_test_loss": 0.014860357157886028
}