{
    "best_epoch": 944,
    "best_val_loss": 0.010435672476887703,
    "best_tr_loss": 0.010379274375736713,
    "best_test_loss": 0.010820143856108189
}