{
    "best_epoch": 380,
    "best_val_loss": 0.019454067572951317,
    "best_tr_loss": 0.019641558872535825,
    "best_test_loss": 0.0199500173330307
}