{
    "best_epoch": 1362,
    "best_val_loss": 0.004461228847503662,
    "best_tr_loss": 0.005393914587330073,
    "best_test_loss": 0.005117444787174463
}