{
    "best_epoch": 1800,
    "best_val_loss": 0.005697102285921574,
    "best_tr_loss": 0.006938328384421766,
    "best_test_loss": 0.007818100042641163
}