{
    "best_epoch": 1288,
    "best_val_loss": 0.0038032298907637596,
    "best_tr_loss": 0.004221252724528312,
    "best_test_loss": 0.003968334756791592
}