{
    "best_epoch": 317,
    "best_val_loss": 0.010585797019302845,
    "best_tr_loss": 0.009400352649390698,
    "best_test_loss": 0.011726539582014084
}