{
    "best_epoch": 62,
    "best_val_loss": 0.0055460273288190365,
    "best_tr_loss": 0.01175078966965278,
    "best_test_loss": 0.0059070889838039875
}