{
    "best_epoch": 1381,
    "best_val_loss": 0.0021683895029127598,
    "best_tr_loss": 0.002447405131533742,
    "best_test_loss": 0.0024164514616131783
}