{
    "best_epoch": 107,
    "best_val_loss": 0.011170238256454468,
    "best_tr_loss": 0.015850288250173133,
    "best_test_loss": 0.013017981313169003
}