{
    "best_epoch": 383,
    "best_val_loss": 0.15362660586833954,
    "best_tr_loss": 0.16818760335445404,
    "best_test_loss": 0.1564270704984665
}