{
    "best_epoch": 110,
    "best_val_loss": 0.0033801416866481304,
    "best_tr_loss": 0.003454311890527606,
    "best_test_loss": 0.003959916532039642
}