{
    "best_epoch": 162,
    "best_val_loss": 0.07670829445123672,
    "best_tr_loss": 0.09452585130929947,
    "best_test_loss": 0.10622185468673706
}