{
    "best_epoch": 91,
    "best_val_loss": 0.046780817210674286,
    "best_tr_loss": 0.05458208918571472,
    "best_test_loss": 0.05836234241724014
}