{
    "best_epoch": 311,
    "best_val_loss": 0.04786396399140358,
    "best_tr_loss": 0.3410272002220154,
    "best_test_loss": 4.734908580780029
}