{
    "best_epoch": 540,
    "best_val_loss": 0.015409877523779869,
    "best_tr_loss": 0.025589052587747574,
    "best_test_loss": 0.011159457266330719
}