{
    "best_epoch": 568,
    "best_val_loss": 0.003907099366188049,
    "best_tr_loss": 0.006987697212025523,
    "best_test_loss": 0.0037418571300804615
}