{
    "best_epoch": 788,
    "best_val_loss": 0.00565076619386673,
    "best_tr_loss": 0.006218319335444407,
    "best_test_loss": 0.0061501869931817055
}