{
    "best_epoch": 1493,
    "best_val_loss": 0.041474565863609314,
    "best_tr_loss": 0.036704497411847115,
    "best_test_loss": 0.040040746331214905
}