{
    "best_epoch": 918,
    "best_val_loss": 0.02847331203520298,
    "best_tr_loss": 0.0587447971965258,
    "best_test_loss": 0.026363331824541092
}