{
    "best_epoch": 940,
    "best_val_loss": 0.010515817441046238,
    "best_tr_loss": 0.02088440558873117,
    "best_test_loss": 0.010903498157858849
}