{
    "best_epoch": 152,
    "best_val_loss": 0.026250721886754036,
    "best_tr_loss": 0.027063199185899327,
    "best_test_loss": 0.025889424607157707
}