{
    "best_epoch": 202,
    "best_val_loss": 0.05866747722029686,
    "best_tr_loss": 0.04977763444185257,
    "best_test_loss": 0.038056984543800354
}