{
    "best_epoch": 905,
    "best_val_loss": 0.017527854070067406,
    "best_tr_loss": 0.01850140643202596,
    "best_test_loss": 0.0157574824988842
}