{
    "best_epoch": 182,
    "best_val_loss": 0.011392044834792614,
    "best_tr_loss": 0.009497533086687326,
    "best_test_loss": 0.01080121099948883
}