{
    "best_epoch": 404,
    "best_val_loss": 0.0004177472146693617,
    "best_tr_loss": 0.008722438709810376,
    "best_test_loss": 0.000470891798613593
}