{
    "best_epoch": 415,
    "best_val_loss": 0.009030821733176708,
    "best_tr_loss": 0.008781880373135209,
    "best_test_loss": 0.00832710787653923
}