{
    "best_epoch": 1890,
    "best_val_loss": 0.08279719203710556,
    "best_tr_loss": 0.09300796687602997,
    "best_test_loss": 0.07180914282798767
}