{
    "best_epoch": 1455,
    "best_val_loss": 0.02384720742702484,
    "best_tr_loss": 0.026555889787582252,
    "best_test_loss": 0.02277417667210102
}