{
    "best_epoch": 900,
    "best_val_loss": 0.006222545634955168,
    "best_tr_loss": 0.006059713661670685,
    "best_test_loss": 0.007932877168059349
}