{
    "best_epoch": 1995,
    "best_val_loss": 0.012509172782301903,
    "best_tr_loss": 0.009879710152745247,
    "best_test_loss": 0.01032514963299036
}