{
    "best_epoch": 545,
    "best_val_loss": 0.019075926393270493,
    "best_tr_loss": 0.024274147115647793,
    "best_test_loss": 0.019904037937521935
}