{
    "best_epoch": 279,
    "best_val_loss": 0.11218438297510147,
    "best_tr_loss": 0.11773568391799927,
    "best_test_loss": 0.17088142037391663
}