{
    "best_epoch": 1623,
    "best_val_loss": 0.2992818355560303,
    "best_tr_loss": 0.27890445788701373,
    "best_test_loss": 0.26230791211128235
}