{
    "best_epoch": 1621,
    "best_val_loss": 0.01353578269481659,
    "best_tr_loss": 0.015206158859655261,
    "best_test_loss": 0.18336257338523865
}