{
    "best_epoch": 1159,
    "best_val_loss": 0.009461525827646255,
    "best_tr_loss": 0.012918628131349882,
    "best_test_loss": 0.011268203146755695
}