{
    "best_epoch": 1135,
    "best_val_loss": 0.06105821952223778,
    "best_tr_loss": 0.05951863924662272,
    "best_test_loss": 0.06034698337316513
}