{
    "best_epoch": 183,
    "best_val_loss": 0.0509762167930603,
    "best_tr_loss": 0.04766408912837505,
    "best_test_loss": 0.04441855847835541
}