{
    "best_epoch": 915,
    "best_val_loss": 0.01620086282491684,
    "best_tr_loss": 0.016370638646185397,
    "best_test_loss": 0.016148241236805916
}