{
    "best_epoch": 1983,
    "best_val_loss": 0.005382033996284008,
    "best_tr_loss": 0.005677007371559739,
    "best_test_loss": 0.005092092789709568
}