{
    "best_epoch": 1240,
    "best_val_loss": 0.008054887875914574,
    "best_tr_loss": 0.011656811538462838,
    "best_test_loss": 0.009222627617418766
}