{
    "best_epoch": 87,
    "best_val_loss": 0.007366153411567211,
    "best_tr_loss": 0.05454827472567558,
    "best_test_loss": 0.0120916198939085
}