{
    "best_epoch": 68,
    "best_val_loss": 0.004052082076668739,
    "best_tr_loss": 0.0051907097920775415,
    "best_test_loss": 0.004776874557137489
}