{
    "best_epoch": 1955,
    "best_val_loss": 0.03761092200875282,
    "best_tr_loss": 0.03954634070396423,
    "best_test_loss": 0.0463334396481514
}