{
    "best_epoch": 1187,
    "best_val_loss": 0.018044309690594673,
    "best_tr_loss": 0.01935404445976019,
    "best_test_loss": 0.01780751347541809
}