{
    "best_epoch": 37,
    "best_val_loss": 0.07025950402021408,
    "best_tr_loss": 0.07771595815817516,
    "best_test_loss": 0.05537953972816467
}