{
    "best_epoch": 507,
    "best_val_loss": 0.015666145831346512,
    "best_tr_loss": 0.03374144062399864,
    "best_test_loss": 0.02712319977581501
}