{
    "best_epoch": 229,
    "best_val_loss": 0.05675780400633812,
    "best_tr_loss": 0.056633830070495605,
    "best_test_loss": 0.06412401795387268
}