{
    "best_epoch": 984,
    "best_val_loss": 0.005733652971684933,
    "best_tr_loss": 0.00925251841545105,
    "best_test_loss": 0.007433214690536261
}