{
    "best_epoch": 264,
    "best_val_loss": 0.008125449530780315,
    "best_tr_loss": 0.010073286481201649,
    "best_test_loss": 0.08602495491504669
}