{
    "best_epoch": 1228,
    "best_val_loss": 0.026030749082565308,
    "best_tr_loss": 0.02272546924650669,
    "best_test_loss": 0.02207305282354355
}