{
    "best_epoch": 1473,
    "best_val_loss": 0.08022090047597885,
    "best_tr_loss": 0.08556011319160461,
    "best_test_loss": 0.08995164930820465
}