{
    "best_epoch": 1052,
    "best_val_loss": 0.0024308001156896353,
    "best_tr_loss": 0.0031985213281586766,
    "best_test_loss": 0.004118937999010086
}