{
    "best_epoch": 921,
    "best_val_loss": 0.0022786245681345463,
    "best_tr_loss": 0.0020691434231897197,
    "best_test_loss": 0.002127202693372965
}