{
    "best_epoch": 1997,
    "best_val_loss": 0.010812210850417614,
    "best_tr_loss": 0.013548768125474453,
    "best_test_loss": 0.03379519656300545
}