{
    "best_epoch": 396,
    "best_val_loss": 0.028144627809524536,
    "best_tr_loss": 0.023773716762661934,
    "best_test_loss": 0.025999274104833603
}