{
    "best_epoch": 148,
    "best_val_loss": 0.010689089074730873,
    "best_tr_loss": 0.007973713024208942,
    "best_test_loss": 0.01119981985539198
}