{
    "best_epoch": 1734,
    "best_val_loss": 0.008174769580364227,
    "best_tr_loss": 0.008575824399789175,
    "best_test_loss": 0.008387821726500988
}