{
    "best_epoch": 440,
    "best_val_loss": 0.003000939264893532,
    "best_tr_loss": 0.0035136781433331116,
    "best_test_loss": 0.0031978741753846407
}