{
    "best_epoch": 1299,
    "best_val_loss": 0.018442519009113312,
    "best_tr_loss": 0.043462980538606644,
    "best_test_loss": 0.039071861654520035
}