{
    "best_epoch": 128,
    "best_val_loss": 0.028216853737831116,
    "best_tr_loss": 0.027658779174089432,
    "best_test_loss": 0.03698405995965004
}