{
    "best_epoch": 303,
    "best_val_loss": 0.006206683814525604,
    "best_tr_loss": 0.015571148988480369,
    "best_test_loss": 0.006200536619871855
}