{
    "best_epoch": 772,
    "best_val_loss": 0.010440444573760033,
    "best_tr_loss": 0.009457133710384369,
    "best_test_loss": 0.009214956313371658
}