{
    "best_epoch": 245,
    "best_val_loss": 0.025708818808197975,
    "best_tr_loss": 0.02593141607940197,
    "best_test_loss": 0.025357279926538467
}