{
    "best_epoch": 833,
    "best_val_loss": 0.055739931762218475,
    "best_tr_loss": 0.06345116719603539,
    "best_test_loss": 0.06251148134469986
}