{
    "best_epoch": 1811,
    "best_val_loss": 0.006991541478782892,
    "best_tr_loss": 0.008416224581499895,
    "best_test_loss": 0.007082171272486448
}