{
    "best_epoch": 621,
    "best_val_loss": 0.009615606628358364,
    "best_tr_loss": 0.14949236810207367,
    "best_test_loss": 0.031840499490499496
}