{
    "best_epoch": 553,
    "best_val_loss": 0.034756097942590714,
    "best_tr_loss": 0.04856942097345988,
    "best_test_loss": 0.035996850579977036
}