{
    "best_epoch": 1416,
    "best_val_loss": 0.012867452576756477,
    "best_tr_loss": 0.016082389280200005,
    "best_test_loss": 0.022730696946382523
}