{
    "best_epoch": 970,
    "best_val_loss": 0.006476494017988443,
    "best_tr_loss": 0.0069521673095340915,
    "best_test_loss": 0.005757262464612722
}