{
    "best_epoch": 436,
    "best_val_loss": 0.001800255966372788,
    "best_tr_loss": 0.0020594681069875755,
    "best_test_loss": 0.0018205603118985891
}