{
    "best_epoch": 72,
    "best_val_loss": 0.012077152729034424,
    "best_tr_loss": 0.01582774203270674,
    "best_test_loss": 0.014372361823916435
}