{
    "best_epoch": 248,
    "best_val_loss": 0.003807678585872054,
    "best_tr_loss": 0.03104669786989689,
    "best_test_loss": 0.05942989140748978
}