{
    "best_epoch": 316,
    "best_val_loss": 0.07702875137329102,
    "best_tr_loss": 0.07452438771724701,
    "best_test_loss": 0.07661161571741104
}