{
    "best_epoch": 1308,
    "best_val_loss": 0.0031242980621755123,
    "best_tr_loss": 0.004555874038487673,
    "best_test_loss": 0.003005032427608967
}