{
    "best_epoch": 75,
    "best_val_loss": 0.03551658242940903,
    "best_tr_loss": 0.06772348284721375,
    "best_test_loss": 0.03393487632274628
}