{
    "best_epoch": 183,
    "best_val_loss": 0.0929781123995781,
    "best_tr_loss": 0.10416581630706787,
    "best_test_loss": 0.1062549278140068
}