{
    "best_epoch": 1070,
    "best_val_loss": 0.35128292441368103,
    "best_tr_loss": 0.3393118605017662,
    "best_test_loss": 0.3337979316711426
}