{
    "best_epoch": 936,
    "best_val_loss": 0.03364047780632973,
    "best_tr_loss": 0.03249634599143809,
    "best_test_loss": 0.030962076038122177
}