{
    "best_epoch": 971,
    "best_val_loss": 0.02351398766040802,
    "best_tr_loss": 0.08027062565088272,
    "best_test_loss": 0.07992774248123169
}