{
    "best_epoch": 298,
    "best_val_loss": 0.00483997818082571,
    "best_tr_loss": 0.007076311856508255,
    "best_test_loss": 0.004612558986991644
}