{
    "best_epoch": 1036,
    "best_val_loss": 0.003650411730632186,
    "best_tr_loss": 0.004403696861118078,
    "best_test_loss": 0.0036310486029833555
}