{
    "best_epoch": 309,
    "best_val_loss": 0.022540507838129997,
    "best_tr_loss": 0.02492398353150258,
    "best_test_loss": 0.023521147668361664
}