{
    "best_epoch": 1634,
    "best_val_loss": 0.012135501950979233,
    "best_tr_loss": 0.01331069264560938,
    "best_test_loss": 0.011593271978199482
}