{
    "best_epoch": 1479,
    "best_val_loss": 0.003433614270761609,
    "best_tr_loss": 0.0036719113122671843,
    "best_test_loss": 0.0034343141596764326
}