{
    "best_epoch": 1840,
    "best_val_loss": 0.022266753017902374,
    "best_tr_loss": 0.02364926255093171,
    "best_test_loss": 0.022452516481280327
}