{
    "best_epoch": 106,
    "best_val_loss": 0.5838495492935181,
    "best_tr_loss": 0.6695194095373154,
    "best_test_loss": 0.6298932433128357
}