{
    "best_epoch": 142,
    "best_val_loss": 0.03011425957083702,
    "best_tr_loss": 0.03566230274736881,
    "best_test_loss": 0.031014978885650635
}