{
    "best_epoch": 618,
    "best_val_loss": 0.006037284154444933,
    "best_tr_loss": 0.019556717947125435,
    "best_test_loss": 0.04886484146118164
}