{
    "best_epoch": 198,
    "best_val_loss": 0.0422617644071579,
    "best_tr_loss": 0.04694979637861252,
    "best_test_loss": 0.04341620206832886
}