{
    "best_epoch": 163,
    "best_val_loss": 0.053111106157302856,
    "best_tr_loss": 0.056311537112508504,
    "best_test_loss": 0.07170448452234268
}