{
    "best_epoch": 1564,
    "best_val_loss": 0.019876228645443916,
    "best_tr_loss": 0.01709903124719858,
    "best_test_loss": 0.017395809292793274
}