{
    "best_epoch": 40,
    "best_val_loss": 0.09138644486665726,
    "best_tr_loss": 0.0955758069952329,
    "best_test_loss": 0.10235138982534409
}