{
    "best_epoch": 1186,
    "best_val_loss": 0.03891967236995697,
    "best_tr_loss": 0.040323540568351746,
    "best_test_loss": 0.05898235738277435
}