{
    "best_epoch": 486,
    "best_val_loss": 0.030213547870516777,
    "best_tr_loss": 0.062266199539105095,
    "best_test_loss": 0.03922189399600029
}