{
    "best_epoch": 1101,
    "best_val_loss": 0.0071246749721467495,
    "best_tr_loss": 0.005666111595928669,
    "best_test_loss": 0.09211603552103043
}