{
    "best_epoch": 1634,
    "best_val_loss": 0.04490963742136955,
    "best_tr_loss": 0.04673368111252785,
    "best_test_loss": 0.04793669283390045
}