{
    "best_epoch": 1465,
    "best_val_loss": 0.018878541886806488,
    "best_tr_loss": 0.019465863418120604,
    "best_test_loss": 0.019394787028431892
}