{
    "best_epoch": 840,
    "best_val_loss": 0.005295071750879288,
    "best_tr_loss": 0.007587785832583904,
    "best_test_loss": 0.005579891614615917
}