{
    "best_epoch": 192,
    "best_val_loss": 0.012270651757717133,
    "best_tr_loss": 0.021446695551276207,
    "best_test_loss": 0.021218501031398773
}