{
    "best_epoch": 680,
    "best_val_loss": 0.0046506053768098354,
    "best_tr_loss": 0.005064381752163172,
    "best_test_loss": 0.003119278699159622
}