{
    "best_epoch": 1548,
    "best_val_loss": 0.009612809866666794,
    "best_tr_loss": 0.00901298550888896,
    "best_test_loss": 0.008235047571361065
}