{
    "best_epoch": 511,
    "best_val_loss": 0.417106956243515,
    "best_tr_loss": 0.4170849993824959,
    "best_test_loss": 0.4019851088523865
}