{
    "best_epoch": 1210,
    "best_val_loss": 0.010091266594827175,
    "best_tr_loss": 0.009534511094292005,
    "best_test_loss": 0.010388507507741451
}