{
    "best_epoch": 1146,
    "best_val_loss": 0.07846470177173615,
    "best_tr_loss": 0.08661522716283798,
    "best_test_loss": 0.08571679145097733
}