{
    "best_epoch": 370,
    "best_val_loss": 0.00197972496971488,
    "best_tr_loss": 0.0025266385002231054,
    "best_test_loss": 0.0020993719808757305
}