{
    "best_epoch": 439,
    "best_val_loss": 0.26332828402519226,
    "best_tr_loss": 0.2706720530986786,
    "best_test_loss": 0.24358712136745453
}