{
    "best_epoch": 1332,
    "best_val_loss": 0.01477960217744112,
    "best_tr_loss": 0.021359265316277742,
    "best_test_loss": 0.01625201478600502
}