{
    "best_epoch": 1865,
    "best_val_loss": 0.03193534165620804,
    "best_tr_loss": 0.04116774474581083,
    "best_test_loss": 0.04814447835087776
}