{
    "best_epoch": 206,
    "best_val_loss": 0.010595985688269138,
    "best_tr_loss": 0.010045500316967567,
    "best_test_loss": 0.011041808873414993
}