{
    "best_epoch": 613,
    "best_val_loss": 0.06892223656177521,
    "best_tr_loss": 0.06673749412099521,
    "best_test_loss": 0.05775953829288483
}