{
    "best_epoch": 142,
    "best_val_loss": 0.020462090149521828,
    "best_tr_loss": 0.012329202145338058,
    "best_test_loss": 0.07502418011426926
}