{
    "best_epoch": 1974,
    "best_val_loss": 0.09837960451841354,
    "best_tr_loss": 0.11284257471561432,
    "best_test_loss": 0.13668201863765717
}