{
    "best_epoch": 613,
    "best_val_loss": 0.014860973693430424,
    "best_tr_loss": 0.011106790974736214,
    "best_test_loss": 0.012193008325994015
}