{
    "best_epoch": 1538,
    "best_val_loss": 0.05038757994771004,
    "best_tr_loss": 0.04793677665293217,
    "best_test_loss": 0.05387737974524498
}