{
    "best_epoch": 1252,
    "best_val_loss": 0.06325256079435349,
    "best_tr_loss": 0.061526354402303696,
    "best_test_loss": 0.059843555092811584
}