{
    "best_epoch": 960,
    "best_val_loss": 0.0016130282310768962,
    "best_tr_loss": 0.0017907248111441731,
    "best_test_loss": 0.0022536262404173613
}