{
    "best_epoch": 1999,
    "best_val_loss": 0.00794675387442112,
    "best_tr_loss": 0.007660220842808485,
    "best_test_loss": 0.007636855822056532
}