{
    "best_epoch": 302,
    "best_val_loss": 0.0025378908030688763,
    "best_tr_loss": 0.0034687086299527436,
    "best_test_loss": 0.0028604944236576557
}