{
    "best_epoch": 969,
    "best_val_loss": 0.013729896396398544,
    "best_tr_loss": 0.014873383670217462,
    "best_test_loss": 0.015781976282596588
}