{
    "best_epoch": 1192,
    "best_val_loss": 0.3959442973136902,
    "best_tr_loss": 0.393170823653539,
    "best_test_loss": 0.4084186851978302
}