{
    "best_epoch": 975,
    "best_val_loss": 0.015969527885317802,
    "best_tr_loss": 0.01565439089273031,
    "best_test_loss": 0.0156928151845932
}