{
    "best_epoch": 1480,
    "best_val_loss": 0.045141782611608505,
    "best_tr_loss": 0.0466095137481506,
    "best_test_loss": 0.04564189910888672
}