{
    "best_epoch": 637,
    "best_val_loss": 0.11631923168897629,
    "best_tr_loss": 0.10894493758678436,
    "best_test_loss": 0.10654126107692719
}