{
    "best_epoch": 1627,
    "best_val_loss": 0.43967387080192566,
    "best_tr_loss": 0.4311952590942383,
    "best_test_loss": 0.44776928424835205
}