{
    "best_epoch": 1904,
    "best_val_loss": 0.0022809046786278486,
    "best_tr_loss": 0.037878457456827164,
    "best_test_loss": 0.003590046428143978
}