{
    "best_epoch": 1984,
    "best_val_loss": 0.005959804635494947,
    "best_tr_loss": 0.005894563160836697,
    "best_test_loss": 0.00792674906551838
}