{
    "best_epoch": 200,
    "best_val_loss": 0.008711345493793488,
    "best_tr_loss": 0.012907315604388713,
    "best_test_loss": 0.00812773872166872
}