{
    "best_epoch": 656,
    "best_val_loss": 0.021844692528247833,
    "best_tr_loss": 0.030795010952995375,
    "best_test_loss": 0.022387871518731117
}