{
    "best_epoch": 738,
    "best_val_loss": 0.0048251948319375515,
    "best_tr_loss": 0.0047401041639122095,
    "best_test_loss": 0.004566768649965525
}