{
    "best_epoch": 884,
    "best_val_loss": 0.02790200710296631,
    "best_tr_loss": 0.029054909944534302,
    "best_test_loss": 0.02841818332672119
}