{
    "best_epoch": 1985,
    "best_val_loss": 0.06092673912644386,
    "best_tr_loss": 0.06773023772984743,
    "best_test_loss": 0.06748680770397186
}