{
    "best_epoch": 174,
    "best_val_loss": 0.005042083095759153,
    "best_tr_loss": 0.0065246461308561265,
    "best_test_loss": 0.004950880538672209
}