{
    "best_epoch": 983,
    "best_val_loss": 0.008559065870940685,
    "best_tr_loss": 0.010013422928750515,
    "best_test_loss": 0.01262612547725439
}