{
    "best_epoch": 84,
    "best_val_loss": 0.0711354985833168,
    "best_tr_loss": 0.3470318913459778,
    "best_test_loss": 0.08357860893011093
}