{
    "best_epoch": 1054,
    "best_val_loss": 0.01742384023964405,
    "best_tr_loss": 0.017378829061411895,
    "best_test_loss": 0.017186366021633148
}