{
    "best_epoch": 196,
    "best_val_loss": 0.0046192617155611515,
    "best_tr_loss": 0.005853578913956881,
    "best_test_loss": 0.004735766910016537
}