{
    "best_epoch": 390,
    "best_val_loss": 0.040446843951940536,
    "best_tr_loss": 0.03724247217178345,
    "best_test_loss": 0.03910868242383003
}