{
    "best_epoch": 163,
    "best_val_loss": 0.008173667825758457,
    "best_tr_loss": 0.08140847831964493,
    "best_test_loss": 0.010664324276149273
}