{
    "best_epoch": 867,
    "best_val_loss": 0.0031752153299748898,
    "best_tr_loss": 0.003873222623951733,
    "best_test_loss": 0.0036094023380428553
}