{
    "best_epoch": 907,
    "best_val_loss": 0.0022052593994885683,
    "best_tr_loss": 0.0023831007711123675,
    "best_test_loss": 0.0024559793528169394
}