{
    "best_epoch": 1415,
    "best_val_loss": 0.012575628235936165,
    "best_tr_loss": 0.026955179368647244,
    "best_test_loss": 0.012439869344234467
}