{
    "best_epoch": 483,
    "best_val_loss": 0.00550107192248106,
    "best_tr_loss": 0.00894545204937458,
    "best_test_loss": 0.004663320258259773
}