{
    "best_epoch": 415,
    "best_val_loss": 0.007611174136400223,
    "best_tr_loss": 0.008815774694085121,
    "best_test_loss": 0.0107719199731946
}