{
    "best_epoch": 821,
    "best_val_loss": 0.00555307837203145,
    "best_tr_loss": 0.009254655800759792,
    "best_test_loss": 0.031196361407637596
}