{
    "best_epoch": 1796,
    "best_val_loss": 0.09142812341451645,
    "best_tr_loss": 0.10675865039229393,
    "best_test_loss": 0.09114068746566772
}