{
    "best_epoch": 324,
    "best_val_loss": 0.005189909134060144,
    "best_tr_loss": 0.006983494230856498,
    "best_test_loss": 0.006805908866226673
}