{
    "best_epoch": 1219,
    "best_val_loss": 0.04238710552453995,
    "best_tr_loss": 0.04613852644195923,
    "best_test_loss": 0.04226912930607796
}