{
    "best_epoch": 137,
    "best_val_loss": 0.003673837287351489,
    "best_tr_loss": 0.004413161623793153,
    "best_test_loss": 0.004216968547552824
}