{
    "best_epoch": 302,
    "best_val_loss": 0.018882187083363533,
    "best_tr_loss": 0.015702933810340863,
    "best_test_loss": 0.017666997388005257
}