{
    "best_epoch": 1147,
    "best_val_loss": 0.09497252851724625,
    "best_tr_loss": 0.0785944014787674,
    "best_test_loss": 0.06031687930226326
}