{
    "best_epoch": 719,
    "best_val_loss": 0.025489291176199913,
    "best_tr_loss": 0.031070679426193237,
    "best_test_loss": 0.02980128861963749
}