{
    "best_epoch": 166,
    "best_val_loss": 0.009865080937743187,
    "best_tr_loss": 0.0153657840564847,
    "best_test_loss": 0.023479092866182327
}