{
    "best_epoch": 212,
    "best_val_loss": 0.006451125722378492,
    "best_tr_loss": 0.006766198668628931,
    "best_test_loss": 0.023515351116657257
}