{
    "best_epoch": 493,
    "best_val_loss": 0.00850588921457529,
    "best_tr_loss": 0.010454123839735985,
    "best_test_loss": 0.018778521567583084
}