{
    "best_epoch": 1765,
    "best_val_loss": 0.05654420703649521,
    "best_tr_loss": 0.06145688394705454,
    "best_test_loss": 0.051700711250305176
}