{
    "best_epoch": 22,
    "best_val_loss": 0.010840699076652527,
    "best_tr_loss": 0.010438692755997181,
    "best_test_loss": 0.011123519390821457
}