{
    "best_epoch": 355,
    "best_val_loss": 0.02303941920399666,
    "best_tr_loss": 0.019559580832719803,
    "best_test_loss": 0.023254521191120148
}