{
    "best_epoch": 1567,
    "best_val_loss": 0.015326982364058495,
    "best_tr_loss": 0.014407786168158054,
    "best_test_loss": 0.015377144329249859
}