{
    "best_epoch": 1167,
    "best_val_loss": 0.009450254961848259,
    "best_tr_loss": 0.010576162354222365,
    "best_test_loss": 0.010395699180662632
}