{
    "best_epoch": 1234,
    "best_val_loss": 0.007100346032530069,
    "best_tr_loss": 0.009422599337995052,
    "best_test_loss": 0.009282118640840054
}