{
    "best_epoch": 1415,
    "best_val_loss": 0.1224384605884552,
    "best_tr_loss": 0.1544404660279934,
    "best_test_loss": 0.12231818586587906
}