{
    "best_epoch": 349,
    "best_val_loss": 0.01875024288892746,
    "best_tr_loss": 0.021386101221044857,
    "best_test_loss": 0.01699420064687729
}