{
    "best_epoch": 700,
    "best_val_loss": 0.006396877579391003,
    "best_tr_loss": 0.011699588154442608,
    "best_test_loss": 0.006898957770317793
}