{
    "best_epoch": 575,
    "best_val_loss": 0.007965737022459507,
    "best_tr_loss": 0.00992200302425772,
    "best_test_loss": 0.00809053797274828
}