{
    "best_epoch": 1726,
    "best_val_loss": 0.011697615496814251,
    "best_tr_loss": 0.012085111268485585,
    "best_test_loss": 0.01191902719438076
}