{
    "best_epoch": 649,
    "best_val_loss": 0.2998688220977783,
    "best_tr_loss": 0.3248130480448405,
    "best_test_loss": 0.313388854265213
}