{
    "best_epoch": 229,
    "best_val_loss": 0.011857627891004086,
    "best_tr_loss": 0.014746135286986827,
    "best_test_loss": 0.015687668696045876
}