{
    "best_epoch": 1070,
    "best_val_loss": 0.007628416642546654,
    "best_tr_loss": 0.0087443171069026,
    "best_test_loss": 0.008997676894068718
}