{
    "best_epoch": 1820,
    "best_val_loss": 0.0033102845773100853,
    "best_tr_loss": 0.0029149379891653857,
    "best_test_loss": 0.002685069339349866
}