{
    "best_epoch": 827,
    "best_val_loss": 0.013060769997537136,
    "best_tr_loss": 0.015737395112713177,
    "best_test_loss": 0.014146937057375908
}