{
    "best_epoch": 87,
    "best_val_loss": 0.004045702982693911,
    "best_tr_loss": 0.004642726096790284,
    "best_test_loss": 0.004081686493009329
}