{
    "best_epoch": 101,
    "best_val_loss": 0.08409833163022995,
    "best_tr_loss": 0.08360668271780014,
    "best_test_loss": 0.0839560478925705
}