{
    "best_epoch": 71,
    "best_val_loss": 0.001126590184867382,
    "best_tr_loss": 0.0028796933183912188,
    "best_test_loss": 0.0015494030667468905
}