{
    "best_epoch": 1865,
    "best_val_loss": 0.010232542641460896,
    "best_tr_loss": 0.011104685827516593,
    "best_test_loss": 0.010481494478881359
}