{
    "best_epoch": 1439,
    "best_val_loss": 0.012290727347135544,
    "best_tr_loss": 0.014842338549594084,
    "best_test_loss": 0.013227644376456738
}