{
    "best_epoch": 301,
    "best_val_loss": 0.0040913843549788,
    "best_tr_loss": 0.005031016111994783,
    "best_test_loss": 0.004543862771242857
}