{
    "best_epoch": 1244,
    "best_val_loss": 0.025379370898008347,
    "best_tr_loss": 0.023151356416443985,
    "best_test_loss": 0.02655460312962532
}