{
    "best_epoch": 1331,
    "best_val_loss": 0.006009864620864391,
    "best_tr_loss": 0.007413512173419197,
    "best_test_loss": 0.007214963901787996
}