{
    "best_epoch": 94,
    "best_val_loss": 0.007236142177134752,
    "best_tr_loss": 0.009531410411000252,
    "best_test_loss": 0.01091494970023632
}