{
    "best_epoch": 121,
    "best_val_loss": 0.022155126556754112,
    "best_tr_loss": 0.02595454268157482,
    "best_test_loss": 0.02576438896358013
}