{
    "best_epoch": 1742,
    "best_val_loss": 0.024462083354592323,
    "best_tr_loss": 0.025922841858118773,
    "best_test_loss": 0.02330103889107704
}