{
    "best_epoch": 1874,
    "best_val_loss": 0.02390502579510212,
    "best_tr_loss": 0.037808435736224055,
    "best_test_loss": 0.021460464224219322
}