{
    "best_epoch": 822,
    "best_val_loss": 0.0019574842881411314,
    "best_tr_loss": 0.05429405005027851,
    "best_test_loss": 0.002132359193637967
}