{
    "best_epoch": 1497,
    "best_val_loss": 0.0073615009896457195,
    "best_tr_loss": 0.009430694659905774,
    "best_test_loss": 0.007809026166796684
}