{
    "best_epoch": 577,
    "best_val_loss": 0.015261220745742321,
    "best_tr_loss": 0.017887326267858345,
    "best_test_loss": 0.013483631424605846
}