{
    "best_epoch": 1917,
    "best_val_loss": 0.012000381015241146,
    "best_tr_loss": 0.019154328852891922,
    "best_test_loss": 0.04131901636719704
}