{
    "best_epoch": 861,
    "best_val_loss": 0.05767947435379028,
    "best_tr_loss": 0.06252425834536553,
    "best_test_loss": 0.06804753094911575
}