{
    "best_epoch": 73,
    "best_val_loss": 0.1271332949399948,
    "best_tr_loss": 0.1280001699924469,
    "best_test_loss": 0.1603817492723465
}