{
    "best_epoch": 1937,
    "best_val_loss": 0.05072388797998428,
    "best_tr_loss": 0.054028947837650776,
    "best_test_loss": 0.05395248532295227
}