{
    "best_epoch": 169,
    "best_val_loss": 0.07127098739147186,
    "best_tr_loss": 0.07159184664487839,
    "best_test_loss": 0.06885464489459991
}