{
    "best_epoch": 54,
    "best_val_loss": 0.0032332108821719885,
    "best_tr_loss": 0.0037393388338387012,
    "best_test_loss": 0.0032650057692080736
}