{
    "best_epoch": 238,
    "best_val_loss": 0.019431840628385544,
    "best_tr_loss": 0.026137864217162132,
    "best_test_loss": 0.01999627612531185
}