{
    "best_epoch": 1618,
    "best_val_loss": 0.06597992032766342,
    "best_tr_loss": 0.07043910771608353,
    "best_test_loss": 0.06399533897638321
}