{
    "best_epoch": 1880,
    "best_val_loss": 0.005121967289596796,
    "best_tr_loss": 0.02041747160255909,
    "best_test_loss": 0.004817661829292774
}