{
    "best_epoch": 1960,
    "best_val_loss": 0.08101826906204224,
    "best_tr_loss": 0.0965043343603611,
    "best_test_loss": 0.09217780083417892
}