{
    "best_epoch": 91,
    "best_val_loss": 0.041185300797224045,
    "best_tr_loss": 0.05558175593614578,
    "best_test_loss": 0.03992229327559471
}