{
    "best_epoch": 1936,
    "best_val_loss": 0.00489960890263319,
    "best_tr_loss": 0.00480008777230978,
    "best_test_loss": 0.006158868782222271
}