{
    "best_epoch": 1588,
    "best_val_loss": 0.0033549671061336994,
    "best_tr_loss": 0.004700499237515032,
    "best_test_loss": 0.0036219614557921886
}