{
    "best_epoch": 359,
    "best_val_loss": 0.008834375999867916,
    "best_tr_loss": 0.01472431980073452,
    "best_test_loss": 0.013777450658380985
}