{
    "best_epoch": 1507,
    "best_val_loss": 0.006751572713255882,
    "best_tr_loss": 0.009080003869409362,
    "best_test_loss": 0.006245521362870932
}