{
    "best_epoch": 1998,
    "best_val_loss": 0.0154109513387084,
    "best_tr_loss": 0.01256365142762661,
    "best_test_loss": 0.0393163226544857
}