{
    "best_epoch": 1542,
    "best_val_loss": 0.04803391173481941,
    "best_tr_loss": 0.054917328804731366,
    "best_test_loss": 0.049460165202617645
}