{
    "best_epoch": 579,
    "best_val_loss": 0.02548442780971527,
    "best_tr_loss": 0.04431110993027687,
    "best_test_loss": 0.04094278812408447
}