{
    "best_epoch": 277,
    "best_val_loss": 0.2735373377799988,
    "best_tr_loss": 0.27832792202631634,
    "best_test_loss": 0.2670030891895294
}