{
    "best_epoch": 1173,
    "best_val_loss": 0.010641300119459629,
    "best_tr_loss": 0.012371949851512909,
    "best_test_loss": 0.013482032343745232
}