{
    "best_epoch": 694,
    "best_val_loss": 0.0671088770031929,
    "best_tr_loss": 0.08894831190506618,
    "best_test_loss": 0.08050459623336792
}