{
    "best_epoch": 71,
    "best_val_loss": 0.3328501582145691,
    "best_tr_loss": 1.337858073413372,
    "best_test_loss": 0.36838898062705994
}