{
    "best_epoch": 89,
    "best_val_loss": 0.10524992644786835,
    "best_tr_loss": 0.09329245239496231,
    "best_test_loss": 0.1961042582988739
}