{
    "best_epoch": 572,
    "best_val_loss": 0.10541236400604248,
    "best_tr_loss": 0.1903956706325213,
    "best_test_loss": 0.11316648125648499
}