{
    "best_epoch": 1315,
    "best_val_loss": 0.018720177933573723,
    "best_tr_loss": 0.02193319648504257,
    "best_test_loss": 0.019862014800310135
}