{
    "best_epoch": 1891,
    "best_val_loss": 0.024680202826857567,
    "best_tr_loss": 0.018691757693886757,
    "best_test_loss": 0.020474011078476906
}