{
    "best_epoch": 193,
    "best_val_loss": 0.285941481590271,
    "best_tr_loss": 0.3218819618225098,
    "best_test_loss": 0.31417763233184814
}