{
    "best_epoch": 1777,
    "best_val_loss": 0.05488397181034088,
    "best_tr_loss": 0.06235079684605201,
    "best_test_loss": 0.057475775480270386
}