{
    "best_epoch": 1273,
    "best_val_loss": 0.006785172503441572,
    "best_tr_loss": 0.005927818361669779,
    "best_test_loss": 0.014121691696345806
}