{
    "best_epoch": 958,
    "best_val_loss": 0.06145478039979935,
    "best_tr_loss": 0.06731789473157662,
    "best_test_loss": 0.057387836277484894
}