{
    "best_epoch": 379,
    "best_val_loss": 0.0217430517077446,
    "best_tr_loss": 0.024081673473119736,
    "best_test_loss": 0.02460997737944126
}