{
    "best_epoch": 136,
    "best_val_loss": 0.055293548852205276,
    "best_tr_loss": 0.09886326640844345,
    "best_test_loss": 0.0646684318780899
}