{
    "best_epoch": 1863,
    "best_val_loss": 0.01608067937195301,
    "best_tr_loss": 0.015405609139374324,
    "best_test_loss": 0.01602119579911232
}