{
    "best_epoch": 508,
    "best_val_loss": 0.05713638663291931,
    "best_tr_loss": 0.07533762603998184,
    "best_test_loss": 0.07347766309976578
}