{
    "best_epoch": 505,
    "best_val_loss": 0.045440688729286194,
    "best_tr_loss": 0.05163677781820297,
    "best_test_loss": 0.052281659096479416
}