{
    "best_epoch": 1685,
    "best_val_loss": 0.04250897467136383,
    "best_tr_loss": 0.04905020371079445,
    "best_test_loss": 0.043134212493896484
}