{
    "best_epoch": 957,
    "best_val_loss": 0.005089529789984226,
    "best_tr_loss": 0.005856152041815221,
    "best_test_loss": 0.005467587616294622
}