{
    "best_epoch": 1697,
    "best_val_loss": 0.01626499369740486,
    "best_tr_loss": 0.01989198848605156,
    "best_test_loss": 0.04159485921263695
}