{
    "best_epoch": 150,
    "best_val_loss": 0.015591790899634361,
    "best_tr_loss": 0.022522322833538055,
    "best_test_loss": 0.022051211446523666
}