{
    "best_epoch": 393,
    "best_val_loss": 0.006891654338687658,
    "best_tr_loss": 0.014133305288851261,
    "best_test_loss": 0.00859683658927679
}