{
    "best_epoch": 1629,
    "best_val_loss": 0.0021073140669614077,
    "best_tr_loss": 0.0031821574084460735,
    "best_test_loss": 0.0040659052319824696
}