{
    "best_epoch": 278,
    "best_val_loss": 0.26715022325515747,
    "best_tr_loss": 0.2565213739871979,
    "best_test_loss": 0.29299604892730713
}