{
    "best_epoch": 597,
    "best_val_loss": 0.02338029071688652,
    "best_tr_loss": 0.03136878460645676,
    "best_test_loss": 0.026687338948249817
}