{
    "best_epoch": 109,
    "best_val_loss": 0.008564615622162819,
    "best_tr_loss": 0.009785747714340686,
    "best_test_loss": 0.009198760613799095
}