{
    "best_epoch": 285,
    "best_val_loss": 0.009512664750218391,
    "best_tr_loss": 0.006703142425976694,
    "best_test_loss": 0.009735600091516972
}