{
    "best_epoch": 243,
    "best_val_loss": 0.008830348029732704,
    "best_tr_loss": 0.009343138430267572,
    "best_test_loss": 0.0079877320677042
}