{
    "best_epoch": 121,
    "best_val_loss": 0.023857329040765762,
    "best_tr_loss": 0.027957634534686804,
    "best_test_loss": 0.02800818346440792
}