{
    "best_epoch": 151,
    "best_val_loss": 0.004324945621192455,
    "best_tr_loss": 0.009354748245742586,
    "best_test_loss": 0.0042581744492053986
}