{
    "best_epoch": 255,
    "best_val_loss": 0.019839134067296982,
    "best_tr_loss": 0.04044097289443016,
    "best_test_loss": 0.06769589334726334
}