{
    "best_epoch": 1863,
    "best_val_loss": 0.01649722456932068,
    "best_tr_loss": 0.018237572961619923,
    "best_test_loss": 0.01742798089981079
}