{
    "best_epoch": 1973,
    "best_val_loss": 0.04151777923107147,
    "best_tr_loss": 0.04317279905080795,
    "best_test_loss": 0.0428454652428627
}