{
    "best_epoch": 331,
    "best_val_loss": 0.06688444316387177,
    "best_tr_loss": 0.06634972244501114,
    "best_test_loss": 0.06436034291982651
}