{
    "best_epoch": 174,
    "best_val_loss": 0.006275986321270466,
    "best_tr_loss": 0.007046296028420329,
    "best_test_loss": 0.006442646495997906
}