{
    "best_epoch": 124,
    "best_val_loss": 0.002443513832986355,
    "best_tr_loss": 0.0034030667738988996,
    "best_test_loss": 0.0024945116601884365
}