{
    "best_epoch": 127,
    "best_val_loss": 0.04589172452688217,
    "best_tr_loss": 0.04346182569861412,
    "best_test_loss": 0.4619649648666382
}