{
    "best_epoch": 1893,
    "best_val_loss": 0.019734863191843033,
    "best_tr_loss": 0.018109671771526337,
    "best_test_loss": 0.020720263943076134
}