{
    "best_epoch": 879,
    "best_val_loss": 0.21033912897109985,
    "best_tr_loss": 0.18016333878040314,
    "best_test_loss": 0.1536920964717865
}