{
    "best_epoch": 1662,
    "best_val_loss": 0.23280265927314758,
    "best_tr_loss": 0.2521931735368875,
    "best_test_loss": 0.2259318232536316
}