{
    "best_epoch": 355,
    "best_val_loss": 0.0015687736449763179,
    "best_tr_loss": 0.002772044597400559,
    "best_test_loss": 0.0014826077967882156
}