{
    "best_epoch": 944,
    "best_val_loss": 0.0033843598794192076,
    "best_tr_loss": 0.0038131045643240214,
    "best_test_loss": 0.0035481725353747606
}