{
    "best_epoch": 1490,
    "best_val_loss": 0.05353529006242752,
    "best_tr_loss": 0.05519485928946071,
    "best_test_loss": 0.05417628586292267
}