{
    "best_epoch": 227,
    "best_val_loss": 0.014276030473411083,
    "best_tr_loss": 0.02691261819563806,
    "best_test_loss": 0.015513468533754349
}