{
    "best_epoch": 187,
    "best_val_loss": 0.36587703227996826,
    "best_tr_loss": 0.3677269518375397,
    "best_test_loss": 0.376501202583313
}