{
    "best_epoch": 1268,
    "best_val_loss": 0.001443033223040402,
    "best_tr_loss": 0.0015741752382988732,
    "best_test_loss": 0.0015728529542684555
}