{
    "best_epoch": 189,
    "best_val_loss": 0.3547733426094055,
    "best_tr_loss": 0.32937879115343094,
    "best_test_loss": 1.3836716413497925
}