{
    "best_epoch": 1681,
    "best_val_loss": 0.05043293535709381,
    "best_tr_loss": 0.05139507639866609,
    "best_test_loss": 0.04956726357340813
}