{
    "best_epoch": 1264,
    "best_val_loss": 0.003885819111019373,
    "best_tr_loss": 0.003941653296351433,
    "best_test_loss": 0.0033945816103368998
}