{
    "best_epoch": 15,
    "best_val_loss": 0.07702668756246567,
    "best_tr_loss": 0.08776993490755558,
    "best_test_loss": 0.10964453220367432
}