{
    "best_epoch": 1495,
    "best_val_loss": 0.008200714364647865,
    "best_tr_loss": 0.10498888045549393,
    "best_test_loss": 0.2406497448682785
}