{
    "best_epoch": 764,
    "best_val_loss": 0.006490521132946014,
    "best_tr_loss": 0.015094046843134694,
    "best_test_loss": 0.006682068109512329
}