{
    "best_epoch": 1092,
    "best_val_loss": 0.017490433529019356,
    "best_tr_loss": 0.02388956190811263,
    "best_test_loss": 0.018440255895256996
}