{
    "best_epoch": 1904,
    "best_val_loss": 0.00233936938457191,
    "best_tr_loss": 0.0027010100561061074,
    "best_test_loss": 0.0025486727245151997
}