{
    "best_epoch": 169,
    "best_val_loss": 0.020957665517926216,
    "best_tr_loss": 0.024343324825167656,
    "best_test_loss": 0.026348281651735306
}