{
    "best_epoch": 421,
    "best_val_loss": 0.03578582778573036,
    "best_tr_loss": 0.037768978625535965,
    "best_test_loss": 0.05392656847834587
}