{
    "best_epoch": 1087,
    "best_val_loss": 0.04380859062075615,
    "best_tr_loss": 0.0515599325299263,
    "best_test_loss": 0.07537612318992615
}