{
    "best_epoch": 165,
    "best_val_loss": 0.02952437475323677,
    "best_tr_loss": 0.10666151344776154,
    "best_test_loss": 0.03525066748261452
}