{
    "best_epoch": 103,
    "best_val_loss": 0.00548988301306963,
    "best_tr_loss": 0.008396531455218792,
    "best_test_loss": 0.004500741139054298
}