{
    "best_epoch": 178,
    "best_val_loss": 0.09506495296955109,
    "best_tr_loss": 0.12284404784440994,
    "best_test_loss": 0.11442027986049652
}