{
    "best_epoch": 861,
    "best_val_loss": 0.09150338917970657,
    "best_tr_loss": 0.09924034960567951,
    "best_test_loss": 0.10155343264341354
}