{
    "best_epoch": 165,
    "best_val_loss": 0.024144764989614487,
    "best_tr_loss": 0.03265513451053546,
    "best_test_loss": 0.024634484201669693
}