{
    "best_epoch": 1856,
    "best_val_loss": 0.006536493543535471,
    "best_tr_loss": 0.006397728963444631,
    "best_test_loss": 0.006867371033877134
}