{
    "best_epoch": 241,
    "best_val_loss": 0.004031093325465918,
    "best_tr_loss": 0.003591001712872336,
    "best_test_loss": 0.0037336680106818676
}