{
    "best_epoch": 1171,
    "best_val_loss": 0.004460946191102266,
    "best_tr_loss": 0.015543594304472209,
    "best_test_loss": 0.004801493138074875
}