{
    "best_epoch": 202,
    "best_val_loss": 0.005457789171487093,
    "best_tr_loss": 0.0069476388394832615,
    "best_test_loss": 0.005798559635877609
}