{
    "best_epoch": 532,
    "best_val_loss": 0.040076255798339844,
    "best_tr_loss": 0.05455512925982475,
    "best_test_loss": 0.02932725101709366
}