{
    "best_epoch": 34,
    "best_val_loss": 0.011386607773602009,
    "best_tr_loss": 0.05997569486498833,
    "best_test_loss": 0.009603925049304962
}