{
    "best_epoch": 135,
    "best_val_loss": 0.0021437820978462696,
    "best_tr_loss": 0.0025272303726524116,
    "best_test_loss": 0.003303758567199111
}