{
    "best_epoch": 1874,
    "best_val_loss": 0.02560633234679699,
    "best_tr_loss": 0.027288809418678284,
    "best_test_loss": 0.029118167236447334
}