{
    "best_epoch": 496,
    "best_val_loss": 0.1330474466085434,
    "best_tr_loss": 0.15255526825785637,
    "best_test_loss": 0.15201140940189362
}