{
    "best_epoch": 254,
    "best_val_loss": 0.053475718945264816,
    "best_tr_loss": 0.060792816802859306,
    "best_test_loss": 0.05964456871151924
}