{
    "best_epoch": 532,
    "best_val_loss": 0.006491615902632475,
    "best_tr_loss": 0.009308221284300089,
    "best_test_loss": 0.0073109338991343975
}