{
    "best_epoch": 261,
    "best_val_loss": 0.0023358615580946207,
    "best_tr_loss": 0.003570347429356641,
    "best_test_loss": 0.0024012501817196608
}