{
    "best_epoch": 47,
    "best_val_loss": 0.34045881032943726,
    "best_tr_loss": 0.41385605931282043,
    "best_test_loss": 0.35309407114982605
}