{
    "best_epoch": 411,
    "best_val_loss": 0.0006571424892172217,
    "best_tr_loss": 0.08604547381401062,
    "best_test_loss": 0.5757107734680176
}