{
    "best_epoch": 796,
    "best_val_loss": 0.0032501965761184692,
    "best_tr_loss": 0.003913703840225935,
    "best_test_loss": 0.003361801151186228
}