{
    "best_epoch": 746,
    "best_val_loss": 0.016833830624818802,
    "best_tr_loss": 0.017569873840189897,
    "best_test_loss": 0.016895052045583725
}