{
    "best_epoch": 94,
    "best_val_loss": 0.14892303943634033,
    "best_tr_loss": 0.155922569334507,
    "best_test_loss": 0.15553371608257294
}