{
    "best_epoch": 176,
    "best_val_loss": 0.004687695298343897,
    "best_tr_loss": 0.0055301308166235685,
    "best_test_loss": 0.00677283713594079
}