{
    "best_epoch": 1806,
    "best_val_loss": 0.012510390020906925,
    "best_tr_loss": 0.012313378974795341,
    "best_test_loss": 0.03957822546362877
}