{
    "best_epoch": 1858,
    "best_val_loss": 0.009207022376358509,
    "best_tr_loss": 0.01412337925285101,
    "best_test_loss": 0.013479058630764484
}