{
    "best_epoch": 1761,
    "best_val_loss": 0.00246219290420413,
    "best_tr_loss": 0.0034059647587127984,
    "best_test_loss": 0.0024043612647801638
}