{
    "best_epoch": 341,
    "best_val_loss": 0.09218362718820572,
    "best_tr_loss": 0.11375103369355202,
    "best_test_loss": 0.09558925777673721
}