{
    "best_epoch": 64,
    "best_val_loss": 0.012266971170902252,
    "best_tr_loss": 0.0203900383785367,
    "best_test_loss": 0.011380704119801521
}