{
    "best_epoch": 1320,
    "best_val_loss": 0.0009781019762158394,
    "best_tr_loss": 0.0028766051400452852,
    "best_test_loss": 0.0024774905759841204
}