{
    "best_epoch": 1662,
    "best_val_loss": 0.006690599024295807,
    "best_tr_loss": 0.005902871955186129,
    "best_test_loss": 0.004898070357739925
}