{
    "best_epoch": 897,
    "best_val_loss": 0.004118477459996939,
    "best_tr_loss": 0.006050027348101139,
    "best_test_loss": 0.003973097074776888
}