{
    "best_epoch": 1,
    "best_val_loss": 0.3772335350513458,
    "best_tr_loss": 0.8323879241943359,
    "best_test_loss": 1.0200203657150269
}