{
    "best_epoch": 1447,
    "best_val_loss": 0.007784161251038313,
    "best_tr_loss": 0.008789440616965294,
    "best_test_loss": 0.010616114363074303
}