{
    "best_epoch": 1403,
    "best_val_loss": 0.011016697622835636,
    "best_tr_loss": 0.01691005764795201,
    "best_test_loss": 0.012898489832878113
}