{
    "best_epoch": 1855,
    "best_val_loss": 0.06830866634845734,
    "best_tr_loss": 0.07719163447618485,
    "best_test_loss": 0.0744328647851944
}