{
    "best_epoch": 649,
    "best_val_loss": 0.004920275881886482,
    "best_tr_loss": 0.006902505084872246,
    "best_test_loss": 0.004883935675024986
}