{
    "best_epoch": 486,
    "best_val_loss": 0.010645084083080292,
    "best_tr_loss": 0.011942751084764799,
    "best_test_loss": 0.0104463379830122
}