{
    "best_epoch": 1865,
    "best_val_loss": 0.005479319021105766,
    "best_tr_loss": 0.007260715402662754,
    "best_test_loss": 0.005711655598133802
}