{
    "best_epoch": 491,
    "best_val_loss": 0.010677759535610676,
    "best_tr_loss": 0.010484740138053894,
    "best_test_loss": 0.010253517888486385
}