{
    "best_epoch": 150,
    "best_val_loss": 0.04169389232993126,
    "best_tr_loss": 0.05033043771982193,
    "best_test_loss": 0.03639400750398636
}