{
    "best_epoch": 472,
    "best_val_loss": 0.015744034200906754,
    "best_tr_loss": 0.021187545731663704,
    "best_test_loss": 0.016051078215241432
}