{
    "best_epoch": 1125,
    "best_val_loss": 0.1641131192445755,
    "best_tr_loss": 0.18584710359573364,
    "best_test_loss": 0.17720641195774078
}