{
    "best_epoch": 80,
    "best_val_loss": 0.12242330610752106,
    "best_tr_loss": 0.10661870986223221,
    "best_test_loss": 0.13262127339839935
}