{
    "best_epoch": 1154,
    "best_val_loss": 0.02822270803153515,
    "best_tr_loss": 0.025100423023104668,
    "best_test_loss": 0.036966562271118164
}