{
    "best_epoch": 1461,
    "best_val_loss": 0.05247657373547554,
    "best_tr_loss": 0.06996586918830872,
    "best_test_loss": 0.05962032079696655
}