{
    "best_epoch": 1685,
    "best_val_loss": 0.00572006544098258,
    "best_tr_loss": 0.005362736992537975,
    "best_test_loss": 0.0052949171513319016
}