{
    "best_epoch": 468,
    "best_val_loss": 0.07084822654724121,
    "best_tr_loss": 0.07565488666296005,
    "best_test_loss": 0.0912979394197464
}