{
    "best_epoch": 152,
    "best_val_loss": 0.013468126766383648,
    "best_tr_loss": 0.014516085386276245,
    "best_test_loss": 0.01837717555463314
}