{
    "best_epoch": 1956,
    "best_val_loss": 0.013319228775799274,
    "best_tr_loss": 0.01596253551542759,
    "best_test_loss": 0.034215424209833145
}