{
    "best_epoch": 1558,
    "best_val_loss": 0.016200656071305275,
    "best_tr_loss": 0.017784547060728073,
    "best_test_loss": 0.01819046400487423
}