{
    "best_epoch": 416,
    "best_val_loss": 0.04214699938893318,
    "best_tr_loss": 0.04261327162384987,
    "best_test_loss": 0.054253727197647095
}