{
    "best_epoch": 737,
    "best_val_loss": 0.026723524555563927,
    "best_tr_loss": 0.030675148591399193,
    "best_test_loss": 0.024277515709400177
}