{
    "best_epoch": 78,
    "best_val_loss": 0.022507019340991974,
    "best_tr_loss": 0.02446300908923149,
    "best_test_loss": 0.022843167185783386
}