{
    "best_epoch": 1923,
    "best_val_loss": 0.017945917323231697,
    "best_tr_loss": 0.015741944313049316,
    "best_test_loss": 0.029680809006094933
}