{
    "best_epoch": 31,
    "best_val_loss": 0.14549854397773743,
    "best_tr_loss": 0.17271298468112944,
    "best_test_loss": 0.16539449989795685
}