{
    "best_epoch": 628,
    "best_val_loss": 0.08574478328227997,
    "best_tr_loss": 0.09437292400333616,
    "best_test_loss": 0.08669082820415497
}