{
    "best_epoch": 365,
    "best_val_loss": 0.021369364112615585,
    "best_tr_loss": 0.0215683157809756,
    "best_test_loss": 0.020061111077666283
}