{
    "best_epoch": 1799,
    "best_val_loss": 0.17303501069545746,
    "best_tr_loss": 0.1824778811289714,
    "best_test_loss": 0.1847660094499588
}