{
    "best_epoch": 338,
    "best_val_loss": 0.008006935939192772,
    "best_tr_loss": 0.007470669108442962,
    "best_test_loss": 0.011966383084654808
}