{
    "best_epoch": 943,
    "best_val_loss": 0.029480237513780594,
    "best_tr_loss": 0.024354008957743645,
    "best_test_loss": 0.023282144218683243
}