{
    "best_epoch": 1046,
    "best_val_loss": 0.00817001610994339,
    "best_tr_loss": 0.009244553558528424,
    "best_test_loss": 0.009767099283635616
}