{
    "best_epoch": 584,
    "best_val_loss": 0.008925437927246094,
    "best_tr_loss": 0.009613284841179848,
    "best_test_loss": 0.009070226922631264
}