{
    "best_epoch": 1386,
    "best_val_loss": 0.07128198444843292,
    "best_tr_loss": 0.0792345255613327,
    "best_test_loss": 0.062381014227867126
}