{
    "best_epoch": 162,
    "best_val_loss": 0.09022755920886993,
    "best_tr_loss": 0.12110870331525803,
    "best_test_loss": 3.514997720718384
}