{
    "best_epoch": 755,
    "best_val_loss": 0.051239293068647385,
    "best_tr_loss": 0.07181943953037262,
    "best_test_loss": 0.07381591200828552
}