{
    "best_epoch": 464,
    "best_val_loss": 0.04490913450717926,
    "best_tr_loss": 0.054471897333860396,
    "best_test_loss": 0.044742949306964874
}