{
    "best_epoch": 76,
    "best_val_loss": 0.009807346388697624,
    "best_tr_loss": 0.010079127163268052,
    "best_test_loss": 0.009007743559777737
}