{
    "best_epoch": 1423,
    "best_val_loss": 0.035547949373722076,
    "best_tr_loss": 0.03754203680616159,
    "best_test_loss": 0.03182617574930191
}