{
    "best_epoch": 586,
    "best_val_loss": 0.022571729496121407,
    "best_tr_loss": 0.030801831278949976,
    "best_test_loss": 0.023032093420624733
}