{
    "best_epoch": 340,
    "best_val_loss": 446.6699523925781,
    "best_tr_loss": 441.89134216308594,
    "best_test_loss": 397.6426086425781
}