{
    "best_epoch": 1324,
    "best_val_loss": 0.09724631160497665,
    "best_tr_loss": 0.06894501298666,
    "best_test_loss": 0.08988554030656815
}