{
    "best_epoch": 1851,
    "best_val_loss": 0.03732091560959816,
    "best_tr_loss": 0.042068029195070265,
    "best_test_loss": 0.03651200607419014
}