{
    "best_epoch": 157,
    "best_val_loss": 0.2746501564979553,
    "best_tr_loss": 0.2575390934944153,
    "best_test_loss": 0.23559069633483887
}