{
    "best_epoch": 549,
    "best_val_loss": 534.8362426757812,
    "best_tr_loss": 604.5386047363281,
    "best_test_loss": 511.13604736328125
}