{
    "best_epoch": 723,
    "best_val_loss": 0.18682944774627686,
    "best_tr_loss": 0.5775424838066101,
    "best_test_loss": 0.20736707746982574
}