{
    "best_epoch": 127,
    "best_val_loss": 0.0023370312992483377,
    "best_tr_loss": 0.008133860925833384,
    "best_test_loss": 0.002135293325409293
}