{
    "best_epoch": 1604,
    "best_val_loss": 0.015537199564278126,
    "best_tr_loss": 0.2005685195326805,
    "best_test_loss": 0.017687208950519562
}