{
    "best_epoch": 421,
    "best_val_loss": 0.005692127160727978,
    "best_tr_loss": 0.008241511415690184,
    "best_test_loss": 0.005042296834290028
}