{
    "best_epoch": 1927,
    "best_val_loss": 0.08949077874422073,
    "best_tr_loss": 0.08973942697048187,
    "best_test_loss": 0.1069517582654953
}