{
    "best_epoch": 122,
    "best_val_loss": 0.00606380682438612,
    "best_tr_loss": 0.0069495797665281725,
    "best_test_loss": 0.0064357272349298
}