{
    "best_epoch": 1419,
    "best_val_loss": 0.01876150257885456,
    "best_tr_loss": 0.02535367298584718,
    "best_test_loss": 0.016560766845941544
}