{
    "best_epoch": 1786,
    "best_val_loss": 0.008975395932793617,
    "best_tr_loss": 0.009437837105776583,
    "best_test_loss": 0.009054409340023994
}