{
    "best_epoch": 331,
    "best_val_loss": 0.00331222265958786,
    "best_tr_loss": 0.025668959676598508,
    "best_test_loss": 0.0033071404322981834
}