{
    "best_epoch": 124,
    "best_val_loss": 0.015416133217513561,
    "best_tr_loss": 0.014222345625360807,
    "best_test_loss": 0.0140756256878376
}