{
    "best_epoch": 82,
    "best_val_loss": 0.049921780824661255,
    "best_tr_loss": 0.05330532044172287,
    "best_test_loss": 0.06352425366640091
}