{
    "best_epoch": 167,
    "best_val_loss": 0.03484126180410385,
    "best_tr_loss": 0.03626541793346405,
    "best_test_loss": 0.04412473365664482
}