{
    "best_epoch": 1743,
    "best_val_loss": 0.006684809923171997,
    "best_tr_loss": 0.0073023769073188305,
    "best_test_loss": 0.006757584400475025
}