{
    "best_epoch": 626,
    "best_val_loss": 0.08550817519426346,
    "best_tr_loss": 0.0926599632948637,
    "best_test_loss": 0.09024693071842194
}