{
    "best_epoch": 403,
    "best_val_loss": 0.021787308156490326,
    "best_tr_loss": 0.022506576297538623,
    "best_test_loss": 0.02256809175014496
}