{
    "best_epoch": 871,
    "best_val_loss": 0.003595989663153887,
    "best_tr_loss": 0.0037253332945207753,
    "best_test_loss": 0.004421237390488386
}