{
    "best_epoch": 561,
    "best_val_loss": 0.026303241029381752,
    "best_tr_loss": 0.032004229724407196,
    "best_test_loss": 0.02953503280878067
}