{
    "best_epoch": 804,
    "best_val_loss": 0.10595822334289551,
    "best_tr_loss": 0.10735903084278106,
    "best_test_loss": 0.10939405113458633
}