{
    "best_epoch": 1310,
    "best_val_loss": 0.002092057606205344,
    "best_tr_loss": 0.003119286881493671,
    "best_test_loss": 0.0019390650559216738
}