{
    "best_epoch": 1064,
    "best_val_loss": 0.004579206462949514,
    "best_tr_loss": 0.007434895262122154,
    "best_test_loss": 0.008627177216112614
}