{
    "best_epoch": 577,
    "best_val_loss": 0.006657567340880632,
    "best_tr_loss": 0.005922714248299599,
    "best_test_loss": 0.008025984279811382
}