{
    "best_epoch": 131,
    "best_val_loss": 0.01873951405286789,
    "best_tr_loss": 0.02024315530434251,
    "best_test_loss": 0.019572284072637558
}