{
    "best_epoch": 1730,
    "best_val_loss": 0.07655268162488937,
    "best_tr_loss": 0.0965386074450281,
    "best_test_loss": 0.08305072039365768
}