{
    "best_epoch": 1673,
    "best_val_loss": 0.04336116835474968,
    "best_tr_loss": 0.06647197157144547,
    "best_test_loss": 0.04842915013432503
}