{
    "best_epoch": 7,
    "best_val_loss": 0.03986255079507828,
    "best_tr_loss": 0.04356308380762736,
    "best_test_loss": 0.03761667013168335
}