{
    "best_epoch": 615,
    "best_val_loss": 0.02045024186372757,
    "best_tr_loss": 0.022283786764511697,
    "best_test_loss": 0.020219827070832253
}