{
    "best_epoch": 507,
    "best_val_loss": 0.025068767368793488,
    "best_tr_loss": 0.037764884531497955,
    "best_test_loss": 0.041637569665908813
}