{
    "best_epoch": 870,
    "best_val_loss": 0.10397828370332718,
    "best_tr_loss": 1.7122728824615479,
    "best_test_loss": 0.06721234321594238
}