{
    "best_epoch": 721,
    "best_val_loss": 0.0015945225022733212,
    "best_tr_loss": 0.0029831614810973406,
    "best_test_loss": 0.00269681797362864
}