{
    "best_epoch": 864,
    "best_val_loss": 0.03153102844953537,
    "best_tr_loss": 0.0369789726459063,
    "best_test_loss": 0.031157948076725006
}