{
    "best_epoch": 137,
    "best_val_loss": 0.024806294590234756,
    "best_tr_loss": 0.057222869247198105,
    "best_test_loss": 0.07001733034849167
}