{
    "best_epoch": 1257,
    "best_val_loss": 0.06313104182481766,
    "best_tr_loss": 0.06563979883988698,
    "best_test_loss": 0.07150811702013016
}