{
    "best_epoch": 807,
    "best_val_loss": 0.020619506016373634,
    "best_tr_loss": 0.02419029362499714,
    "best_test_loss": 0.019847489893436432
}