{
    "best_epoch": 1302,
    "best_val_loss": 0.0021625703666359186,
    "best_tr_loss": 0.00411045242799446,
    "best_test_loss": 0.0026477547362446785
}