{
    "best_epoch": 1107,
    "best_val_loss": 0.01207273080945015,
    "best_tr_loss": 0.01667555111149947,
    "best_test_loss": 0.013200514949858189
}