{
    "best_epoch": 1795,
    "best_val_loss": 0.02152198553085327,
    "best_tr_loss": 0.02175901960581541,
    "best_test_loss": 0.021668119356036186
}