{
    "best_epoch": 209,
    "best_val_loss": 0.0007102575618773699,
    "best_tr_loss": 0.00737022643443197,
    "best_test_loss": 0.0008418998913839459
}