{
    "best_epoch": 1968,
    "best_val_loss": 0.19218601286411285,
    "best_tr_loss": 0.20622584968805313,
    "best_test_loss": 0.192110076546669
}