{
    "best_epoch": 886,
    "best_val_loss": 0.007317484822124243,
    "best_tr_loss": 0.009730092249810696,
    "best_test_loss": 0.009328336454927921
}