{
    "best_epoch": 979,
    "best_val_loss": 0.009244369342923164,
    "best_tr_loss": 0.009982338485618433,
    "best_test_loss": 0.008691810071468353
}