{
    "best_epoch": 233,
    "best_val_loss": 0.2864739000797272,
    "best_tr_loss": 0.29788386821746826,
    "best_test_loss": 0.34721627831459045
}