{
    "best_epoch": 416,
    "best_val_loss": 0.126104936003685,
    "best_tr_loss": 0.14181574061512947,
    "best_test_loss": 0.13075165450572968
}