{
    "best_epoch": 80,
    "best_val_loss": 0.017451316118240356,
    "best_tr_loss": 0.022783219814300537,
    "best_test_loss": 0.01839793659746647
}