{
    "best_epoch": 132,
    "best_val_loss": 0.00355540681630373,
    "best_tr_loss": 0.005498827590296666,
    "best_test_loss": 0.003901309799402952
}