{
    "best_epoch": 1990,
    "best_val_loss": 0.008584240451455116,
    "best_tr_loss": 0.010891593992710114,
    "best_test_loss": 0.008609968237578869
}