{
    "best_epoch": 1829,
    "best_val_loss": 0.002502366667613387,
    "best_tr_loss": 0.00497392016566462,
    "best_test_loss": 0.002401344943791628
}