{
    "best_epoch": 1513,
    "best_val_loss": 0.08114089071750641,
    "best_tr_loss": 0.1126776896417141,
    "best_test_loss": 0.0949014276266098
}