{
    "best_epoch": 974,
    "best_val_loss": 0.13328853249549866,
    "best_tr_loss": 0.14605404608524764,
    "best_test_loss": 0.13881556689739227
}