{
    "best_epoch": 1382,
    "best_val_loss": 0.28720375895500183,
    "best_tr_loss": 0.3014073471228282,
    "best_test_loss": 0.2923218011856079
}