{
    "best_epoch": 134,
    "best_val_loss": 0.009773817844688892,
    "best_tr_loss": 0.01302326563745737,
    "best_test_loss": 0.011252086609601974
}