{
    "best_epoch": 1214,
    "best_val_loss": 0.19826537370681763,
    "best_tr_loss": 0.204216996828715,
    "best_test_loss": 0.20992791652679443
}