{
    "best_epoch": 1805,
    "best_val_loss": 0.0234681386500597,
    "best_tr_loss": 0.023023204877972603,
    "best_test_loss": 0.022575901821255684
}