{
    "best_epoch": 224,
    "best_val_loss": 0.009404025040566921,
    "best_tr_loss": 0.00953485785673062,
    "best_test_loss": 0.009306104853749275
}