{
    "best_epoch": 1197,
    "best_val_loss": 0.003907928243279457,
    "best_tr_loss": 0.0027918063569813967,
    "best_test_loss": 0.0033287450205534697
}