{
    "best_epoch": 1987,
    "best_val_loss": 0.009106410667300224,
    "best_tr_loss": 0.006058542639948428,
    "best_test_loss": 0.005503198131918907
}