{
    "best_epoch": 1506,
    "best_val_loss": 0.004614488687366247,
    "best_tr_loss": 0.0044779228046536446,
    "best_test_loss": 0.0042254505679011345
}