{
    "best_epoch": 1703,
    "best_val_loss": 0.0856083407998085,
    "best_tr_loss": 0.08721799775958061,
    "best_test_loss": 0.0765053927898407
}