{
    "best_epoch": 589,
    "best_val_loss": 0.005056639201939106,
    "best_tr_loss": 0.005754102952778339,
    "best_test_loss": 0.004772409331053495
}