{
    "best_epoch": 1202,
    "best_val_loss": 0.02394113689661026,
    "best_tr_loss": 0.029223841215882982,
    "best_test_loss": 0.03216996043920517
}