{
    "best_epoch": 302,
    "best_val_loss": 0.011087100952863693,
    "best_tr_loss": 0.032351506408303976,
    "best_test_loss": 0.01362232118844986
}