{
    "best_epoch": 510,
    "best_val_loss": 0.2739347815513611,
    "best_tr_loss": 0.25890666246414185,
    "best_test_loss": 0.3836977779865265
}