{
    "best_epoch": 86,
    "best_val_loss": 0.05203612893819809,
    "best_tr_loss": 0.06934425234794617,
    "best_test_loss": 0.06688028573989868
}