{
    "best_epoch": 407,
    "best_val_loss": 0.0009162036585621536,
    "best_tr_loss": 0.0012729319278150797,
    "best_test_loss": 0.001333138206973672
}