{
    "best_epoch": 1131,
    "best_val_loss": 0.02531317248940468,
    "best_tr_loss": 0.02519681304693222,
    "best_test_loss": 0.02794060669839382
}