{
    "best_epoch": 1839,
    "best_val_loss": 0.13050392270088196,
    "best_tr_loss": 0.15479603303330286,
    "best_test_loss": 0.1307707577943802
}