{
    "best_epoch": 100,
    "best_val_loss": 0.21124179661273956,
    "best_tr_loss": 0.2268364503979683,
    "best_test_loss": 0.2126087099313736
}