{
    "best_epoch": 70,
    "best_val_loss": 0.002655784133821726,
    "best_tr_loss": 0.005114557920023799,
    "best_test_loss": 0.0027311674784868956
}