{
    "best_epoch": 392,
    "best_val_loss": 0.14156337082386017,
    "best_tr_loss": 0.14667879707283443,
    "best_test_loss": 0.14356133341789246
}