{
    "best_epoch": 199,
    "best_val_loss": 0.06281004846096039,
    "best_tr_loss": 0.0708511732518673,
    "best_test_loss": 0.06942085176706314
}