{
    "best_epoch": 1259,
    "best_val_loss": 0.04339165613055229,
    "best_tr_loss": 0.04246522346511483,
    "best_test_loss": 0.03688497841358185
}