{
    "best_epoch": 1886,
    "best_val_loss": 0.0047704181633889675,
    "best_tr_loss": 0.005695784643578988,
    "best_test_loss": 0.004877875559031963
}