{
    "best_epoch": 1440,
    "best_val_loss": 0.4517951011657715,
    "best_tr_loss": 0.6282446427004678,
    "best_test_loss": 0.4418904781341553
}