{
    "best_epoch": 59,
    "best_val_loss": 0.022722803056240082,
    "best_tr_loss": 0.03232331977536281,
    "best_test_loss": 0.0337444432079792
}