{
    "best_epoch": 255,
    "best_val_loss": 0.00400816323235631,
    "best_tr_loss": 0.00879352871561423,
    "best_test_loss": 0.004219867754727602
}