{
    "best_epoch": 162,
    "best_val_loss": 0.005574657581746578,
    "best_tr_loss": 0.013551617041230202,
    "best_test_loss": 0.012536064721643925
}