{
    "best_epoch": 111,
    "best_val_loss": 0.5842985510826111,
    "best_tr_loss": 0.6721735596656799,
    "best_test_loss": 0.6308817267417908
}