{
    "best_epoch": 1917,
    "best_val_loss": 0.002808869117870927,
    "best_tr_loss": 0.0038501900853589177,
    "best_test_loss": 0.004436498507857323
}