{
    "best_epoch": 287,
    "best_val_loss": 0.19585531949996948,
    "best_tr_loss": 0.23961039835756476,
    "best_test_loss": 0.2074289172887802
}