{
    "best_epoch": 140,
    "best_val_loss": 0.038930494338274,
    "best_tr_loss": 0.042493972927331924,
    "best_test_loss": 0.03230937570333481
}