{
    "best_epoch": 89,
    "best_val_loss": 0.0075209783390164375,
    "best_tr_loss": 0.007996626198291779,
    "best_test_loss": 0.005742781329900026
}