{
    "best_epoch": 188,
    "best_val_loss": 0.0680915117263794,
    "best_tr_loss": 0.118449367582798,
    "best_test_loss": 0.07082121819257736
}