{
    "best_epoch": 52,
    "best_val_loss": 0.007875061593949795,
    "best_tr_loss": 0.018000766324500244,
    "best_test_loss": 0.00792806874960661
}