{
    "best_epoch": 293,
    "best_val_loss": 0.005122064612805843,
    "best_tr_loss": 0.007204063152047721,
    "best_test_loss": 0.0052151805721223354
}