{
    "best_epoch": 270,
    "best_val_loss": 0.005536336451768875,
    "best_tr_loss": 0.03081674501299858,
    "best_test_loss": 0.013830780982971191
}