{
    "best_epoch": 118,
    "best_val_loss": 0.471860408782959,
    "best_tr_loss": 0.4515082173877292,
    "best_test_loss": 0.44920575618743896
}