{
    "best_epoch": 63,
    "best_val_loss": 0.034043844789266586,
    "best_tr_loss": 0.37237465381622314,
    "best_test_loss": 0.04940422996878624
}