{
    "best_epoch": 132,
    "best_val_loss": 0.015528840012848377,
    "best_tr_loss": 0.0178293464705348,
    "best_test_loss": 0.02395811676979065
}