{
    "best_epoch": 1378,
    "best_val_loss": 0.010824126191437244,
    "best_tr_loss": 0.013947502781565372,
    "best_test_loss": 0.010506991297006607
}