{
    "best_epoch": 76,
    "best_val_loss": 0.013224003836512566,
    "best_tr_loss": 0.016645576804876328,
    "best_test_loss": 0.017696913331747055
}