{
    "best_epoch": 1776,
    "best_val_loss": 0.008540980517864227,
    "best_tr_loss": 0.008524829521775246,
    "best_test_loss": 0.007630045060068369
}