{
    "best_epoch": 1668,
    "best_val_loss": 0.3038213849067688,
    "best_tr_loss": 0.30733658207787407,
    "best_test_loss": 0.2964542806148529
}