{
    "best_epoch": 599,
    "best_val_loss": 0.004098562058061361,
    "best_tr_loss": 0.004639148091276486,
    "best_test_loss": 0.0075948419980704784
}