{
    "best_epoch": 1385,
    "best_val_loss": 0.07241849601268768,
    "best_tr_loss": 0.08642151020467281,
    "best_test_loss": 0.09069570153951645
}