{
    "best_epoch": 1917,
    "best_val_loss": 0.00450737914070487,
    "best_tr_loss": 0.024483435476819675,
    "best_test_loss": 0.004513378255069256
}