{
    "best_epoch": 501,
    "best_val_loss": 0.00768445385619998,
    "best_tr_loss": 0.011738535948097706,
    "best_test_loss": 0.0075898622162640095
}