{
    "best_epoch": 1210,
    "best_val_loss": 0.006537628825753927,
    "best_tr_loss": 0.007275654934346676,
    "best_test_loss": 0.006705267354846001
}