{
    "best_epoch": 78,
    "best_val_loss": 0.003561197081580758,
    "best_tr_loss": 0.007725071161985397,
    "best_test_loss": 0.0032674071844667196
}