{
    "best_epoch": 1240,
    "best_val_loss": 0.009059333242475986,
    "best_tr_loss": 0.008790398637453714,
    "best_test_loss": 0.009352045133709908
}