{
    "best_epoch": 274,
    "best_val_loss": 0.010870424099266529,
    "best_tr_loss": 0.010851209051907063,
    "best_test_loss": 0.0191046129912138
}