{
    "best_epoch": 643,
    "best_val_loss": 0.011854279786348343,
    "best_tr_loss": 0.013199964006032263,
    "best_test_loss": 0.012375208549201488
}