{
    "best_epoch": 55,
    "best_val_loss": 0.0356130488216877,
    "best_tr_loss": 0.038059648126363754,
    "best_test_loss": 0.03751492127776146
}