{
    "best_epoch": 68,
    "best_val_loss": 0.014247567392885685,
    "best_tr_loss": 0.014304399633636842,
    "best_test_loss": 0.014214958995580673
}