{
    "best_epoch": 730,
    "best_val_loss": 0.021098164841532707,
    "best_tr_loss": 0.02111509721726179,
    "best_test_loss": 0.021430257707834244
}