{
    "best_epoch": 174,
    "best_val_loss": 0.0036860026884824038,
    "best_tr_loss": 0.005211037001572549,
    "best_test_loss": 0.004640132188796997
}