{
    "best_epoch": 1146,
    "best_val_loss": 0.05442844703793526,
    "best_tr_loss": 0.05726072005927563,
    "best_test_loss": 0.05229872092604637
}