{
    "best_epoch": 1811,
    "best_val_loss": 0.02210659720003605,
    "best_tr_loss": 0.035609837621450424,
    "best_test_loss": 0.03725792467594147
}