{
    "best_epoch": 89,
    "best_val_loss": 0.04223872721195221,
    "best_tr_loss": 0.058866852521896364,
    "best_test_loss": 0.039444271475076675
}