{
    "best_epoch": 464,
    "best_val_loss": 0.01629825308918953,
    "best_tr_loss": 0.022499562241137028,
    "best_test_loss": 0.017476240172982216
}