{
    "best_epoch": 1564,
    "best_val_loss": 0.006640960928052664,
    "best_tr_loss": 0.0068609694329400854,
    "best_test_loss": 0.007174672093242407
}