{
    "best_epoch": 330,
    "best_val_loss": 0.017287936061620712,
    "best_tr_loss": 0.01383618793139855,
    "best_test_loss": 0.014961483888328075
}