{
    "best_epoch": 15,
    "best_val_loss": 0.02274785377085209,
    "best_tr_loss": 0.02002851408906281,
    "best_test_loss": 0.021595189347863197
}