{
    "best_epoch": 61,
    "best_val_loss": 0.25094327330589294,
    "best_tr_loss": 0.5199315547943115,
    "best_test_loss": 0.25493669509887695
}