{
    "best_epoch": 868,
    "best_val_loss": 0.0072265500202775,
    "best_tr_loss": 0.010799439623951912,
    "best_test_loss": 0.005267542786896229
}