{
    "best_epoch": 149,
    "best_val_loss": 0.0038737980648875237,
    "best_tr_loss": 0.006279593706130982,
    "best_test_loss": 0.004055537283420563
}