{
    "best_epoch": 1711,
    "best_val_loss": 0.052135538309812546,
    "best_tr_loss": 0.45377382836662805,
    "best_test_loss": 0.05702120065689087
}