{
    "best_epoch": 105,
    "best_val_loss": 0.046904146671295166,
    "best_tr_loss": 0.06795623153448105,
    "best_test_loss": 0.07208209484815598
}