{
    "best_epoch": 325,
    "best_val_loss": 0.006121225655078888,
    "best_tr_loss": 0.008654758799821138,
    "best_test_loss": 0.006136511918157339
}