{
    "best_epoch": 50,
    "best_val_loss": 0.03341366723179817,
    "best_tr_loss": 0.03258576989173889,
    "best_test_loss": 0.04092509672045708
}