{
    "best_epoch": 723,
    "best_val_loss": 0.01585029996931553,
    "best_tr_loss": 0.012576728942804039,
    "best_test_loss": 0.014775772579014301
}