{
    "best_epoch": 111,
    "best_val_loss": 0.04728718101978302,
    "best_tr_loss": 0.04888970963656902,
    "best_test_loss": 0.04707943648099899
}