{
    "best_epoch": 634,
    "best_val_loss": 0.013745255768299103,
    "best_tr_loss": 0.01869203895330429,
    "best_test_loss": 0.02468850277364254
}