{
    "best_epoch": 1868,
    "best_val_loss": 0.005797883030027151,
    "best_tr_loss": 0.006188574247062206,
    "best_test_loss": 0.010990561917424202
}