{
    "best_epoch": 113,
    "best_val_loss": 0.003792195115238428,
    "best_tr_loss": 0.008965840155724436,
    "best_test_loss": 0.0038707617204636335
}