{
    "best_epoch": 137,
    "best_val_loss": 0.0034133512526750565,
    "best_tr_loss": 0.004297594617431362,
    "best_test_loss": 0.0032155094668269157
}