{
    "best_epoch": 551,
    "best_val_loss": 0.029482178390026093,
    "best_tr_loss": 0.034571487456560135,
    "best_test_loss": 0.04152483120560646
}