{
    "best_epoch": 1633,
    "best_val_loss": 0.00803319737315178,
    "best_tr_loss": 0.008424669007460276,
    "best_test_loss": 0.008133194409310818
}