{
    "best_epoch": 920,
    "best_val_loss": 0.025119561702013016,
    "best_tr_loss": 0.022464311371246975,
    "best_test_loss": 0.018996793776750565
}