{
    "best_epoch": 731,
    "best_val_loss": 0.0077249822206795216,
    "best_tr_loss": 0.006335554411634803,
    "best_test_loss": 0.006822028197348118
}