{
    "best_epoch": 240,
    "best_val_loss": 0.035802483558654785,
    "best_tr_loss": 0.03307323902845383,
    "best_test_loss": 0.0462305024266243
}