{
    "best_epoch": 1659,
    "best_val_loss": 0.04060070961713791,
    "best_tr_loss": 0.04849759489297867,
    "best_test_loss": 0.04044155776500702
}