{
    "best_epoch": 1118,
    "best_val_loss": 0.005555538926273584,
    "best_tr_loss": 0.007166525116190314,
    "best_test_loss": 0.00621908949688077
}