{
    "best_epoch": 1972,
    "best_val_loss": 0.001776656717993319,
    "best_tr_loss": 0.0024997355649247766,
    "best_test_loss": 0.0020710709504783154
}