{
    "best_epoch": 150,
    "best_val_loss": 0.00652201846241951,
    "best_tr_loss": 0.005898880772292614,
    "best_test_loss": 0.007820399478077888
}