{
    "best_epoch": 60,
    "best_val_loss": 0.12905701994895935,
    "best_tr_loss": 0.1944077561299006,
    "best_test_loss": 0.11166860163211823
}