{
    "best_epoch": 1365,
    "best_val_loss": 0.0024696544278413057,
    "best_tr_loss": 0.003673216328024864,
    "best_test_loss": 0.0038749706000089645
}