{
    "best_epoch": 1515,
    "best_val_loss": 0.05600297451019287,
    "best_tr_loss": 0.07998184652792083,
    "best_test_loss": 0.04821603745222092
}