{
    "best_epoch": 298,
    "best_val_loss": 0.0019536935724318027,
    "best_tr_loss": 0.004682828235672787,
    "best_test_loss": 0.0018545101629570127
}