{
    "best_epoch": 1071,
    "best_val_loss": 0.09284888207912445,
    "best_tr_loss": 0.08854162160839353,
    "best_test_loss": 0.08937576413154602
}