{
    "best_epoch": 1836,
    "best_val_loss": 0.07347357273101807,
    "best_tr_loss": 0.08741728961467743,
    "best_test_loss": 0.10121806710958481
}