{
    "best_epoch": 1626,
    "best_val_loss": 0.02696983516216278,
    "best_tr_loss": 0.029171491041779518,
    "best_test_loss": 0.029049329459667206
}