{
    "best_epoch": 1176,
    "best_val_loss": 0.01913277804851532,
    "best_tr_loss": 0.01995190270245075,
    "best_test_loss": 0.0186057947576046
}