{
    "best_epoch": 154,
    "best_val_loss": 0.1256929337978363,
    "best_tr_loss": 0.13115034997463226,
    "best_test_loss": 0.14039568603038788
}