{
    "best_epoch": 41,
    "best_val_loss": 0.005114776082336903,
    "best_tr_loss": 0.013030389535494825,
    "best_test_loss": 0.004904370289295912
}