{
    "best_epoch": 1099,
    "best_val_loss": 0.0031471510883420706,
    "best_tr_loss": 0.0049829896539449695,
    "best_test_loss": 0.003148660995066166
}