{
    "best_epoch": 1881,
    "best_val_loss": 0.037879981100559235,
    "best_tr_loss": 0.045260574095524274,
    "best_test_loss": 0.045181043446063995
}