{
    "best_epoch": 1315,
    "best_val_loss": 0.007065798155963421,
    "best_tr_loss": 0.008838087997653267,
    "best_test_loss": 0.007142692804336548
}