{
    "best_epoch": 566,
    "best_val_loss": 0.014149380847811699,
    "best_tr_loss": 0.01918902061879635,
    "best_test_loss": 0.022083519026637077
}