{
    "best_epoch": 313,
    "best_val_loss": 0.015002807602286339,
    "best_tr_loss": 0.02018322904283802,
    "best_test_loss": 0.01631525531411171
}