{
    "best_epoch": 1106,
    "best_val_loss": 0.07597476243972778,
    "best_tr_loss": 0.08542222063988447,
    "best_test_loss": 0.07972212135791779
}