{
    "best_epoch": 66,
    "best_val_loss": 0.010645090602338314,
    "best_tr_loss": 0.014470654539763927,
    "best_test_loss": 0.025714123621582985
}