{
    "best_epoch": 261,
    "best_val_loss": 0.02141398750245571,
    "best_tr_loss": 0.038995470851659775,
    "best_test_loss": 0.021573325619101524
}