{
    "best_epoch": 112,
    "best_val_loss": 0.19943197071552277,
    "best_tr_loss": 0.22736862645699427,
    "best_test_loss": 0.1967417150735855
}