{
    "best_epoch": 102,
    "best_val_loss": 0.08872593939304352,
    "best_tr_loss": 0.10004126280546188,
    "best_test_loss": 0.08607953041791916
}