{
    "best_epoch": 1354,
    "best_val_loss": 0.0012652409495785832,
    "best_tr_loss": 0.0017153294757008553,
    "best_test_loss": 0.0012701645027846098
}