{
    "best_epoch": 1783,
    "best_val_loss": 0.002772497944533825,
    "best_tr_loss": 0.0031579093147928896,
    "best_test_loss": 0.0027676159515976906
}