{
    "best_epoch": 1764,
    "best_val_loss": 0.019885798916220665,
    "best_tr_loss": 0.020953822880983353,
    "best_test_loss": 0.020629409700632095
}