{
    "best_epoch": 199,
    "best_val_loss": 0.0015930288936942816,
    "best_tr_loss": 0.0020464786794036627,
    "best_test_loss": 0.0020341435447335243
}