{
    "best_epoch": 155,
    "best_val_loss": 0.012176701799035072,
    "best_tr_loss": 0.01945187896490097,
    "best_test_loss": 0.022724319249391556
}