{
    "best_epoch": 1820,
    "best_val_loss": 0.035025496035814285,
    "best_tr_loss": 0.03643179312348366,
    "best_test_loss": 0.022844679653644562
}