{
    "best_epoch": 763,
    "best_val_loss": 0.010859350673854351,
    "best_tr_loss": 0.02786123831398212,
    "best_test_loss": 0.010445536114275455
}