{
    "best_epoch": 233,
    "best_val_loss": 0.015317447483539581,
    "best_tr_loss": 0.01869048085063696,
    "best_test_loss": 0.015968933701515198
}