{
    "best_epoch": 565,
    "best_val_loss": 0.047739509493112564,
    "best_tr_loss": 0.0489843413233757,
    "best_test_loss": 0.050898611545562744
}