{
    "best_epoch": 1612,
    "best_val_loss": 0.04775098338723183,
    "best_tr_loss": 0.08559076488018036,
    "best_test_loss": 0.07823888957500458
}