{
    "best_epoch": 491,
    "best_val_loss": 0.0683901384472847,
    "best_tr_loss": 0.10719641085181918,
    "best_test_loss": 0.10127916187047958
}