{
    "best_epoch": 1866,
    "best_val_loss": 0.018700961023569107,
    "best_tr_loss": 0.016852011904120445,
    "best_test_loss": 0.01591971330344677
}