{
    "best_epoch": 1987,
    "best_val_loss": 0.1732511818408966,
    "best_tr_loss": 0.19795589645703635,
    "best_test_loss": 0.18030165135860443
}