{
    "best_epoch": 472,
    "best_val_loss": 0.030705830082297325,
    "best_tr_loss": 0.04094906480839619,
    "best_test_loss": 0.03357168287038803
}