{
    "best_epoch": 360,
    "best_val_loss": 0.015036400407552719,
    "best_tr_loss": 0.016032064333558083,
    "best_test_loss": 0.02610184997320175
}