{
    "best_epoch": 1711,
    "best_val_loss": 0.0031821595039218664,
    "best_tr_loss": 0.014632544480264187,
    "best_test_loss": 0.007773910649120808
}