{
    "best_epoch": 487,
    "best_val_loss": 0.009789255447685719,
    "best_tr_loss": 0.00866137258708477,
    "best_test_loss": 0.008983558975160122
}