{
    "best_epoch": 894,
    "best_val_loss": 0.010635212063789368,
    "best_tr_loss": 0.010374570838533916,
    "best_test_loss": 0.010013259015977383
}