{
    "best_epoch": 828,
    "best_val_loss": 0.011780371889472008,
    "best_tr_loss": 0.015614650522669157,
    "best_test_loss": 0.012732204981148243
}