{
    "best_epoch": 288,
    "best_val_loss": 0.16916623711585999,
    "best_tr_loss": 0.15609883765379587,
    "best_test_loss": 0.18163442611694336
}