{
    "best_epoch": 854,
    "best_val_loss": 0.005384297110140324,
    "best_tr_loss": 0.00740770110860467,
    "best_test_loss": 0.007627945858985186
}