{
    "best_epoch": 108,
    "best_val_loss": 0.12335288524627686,
    "best_tr_loss": 0.1956394761800766,
    "best_test_loss": 0.3201620876789093
}