{
    "best_epoch": 1538,
    "best_val_loss": 0.035165779292583466,
    "best_tr_loss": 0.038494475185871124,
    "best_test_loss": 0.04193972796201706
}