{
    "best_epoch": 1768,
    "best_val_loss": 0.004907319322228432,
    "best_tr_loss": 0.006918665021657944,
    "best_test_loss": 0.004877579864114523
}