{
    "best_epoch": 102,
    "best_val_loss": 0.04457980766892433,
    "best_tr_loss": 0.041351888328790665,
    "best_test_loss": 0.037833549082279205
}