{
    "best_epoch": 1780,
    "best_val_loss": 0.1742345541715622,
    "best_tr_loss": 0.2076392431150783,
    "best_test_loss": 0.1757664978504181
}