{
    "best_epoch": 453,
    "best_val_loss": 0.15402080118656158,
    "best_tr_loss": 0.08951204270124435,
    "best_test_loss": 0.11331022530794144
}