{
    "best_epoch": 767,
    "best_val_loss": 0.006100916303694248,
    "best_tr_loss": 0.00816878117620945,
    "best_test_loss": 0.008240226656198502
}