{
    "best_epoch": 181,
    "best_val_loss": 0.020479664206504822,
    "best_tr_loss": 0.01600959726298849,
    "best_test_loss": 0.021270737051963806
}