{
    "best_epoch": 299,
    "best_val_loss": 0.018623195588588715,
    "best_tr_loss": 0.02123255655169487,
    "best_test_loss": 0.020140649750828743
}