{
    "best_epoch": 341,
    "best_val_loss": 0.0283232182264328,
    "best_tr_loss": 0.03613479621708393,
    "best_test_loss": 0.04071473702788353
}