{
    "best_epoch": 1781,
    "best_val_loss": 0.0033894351217895746,
    "best_tr_loss": 0.008182822726666927,
    "best_test_loss": 0.0037445533089339733
}