{
    "best_epoch": 811,
    "best_val_loss": 0.0038426779210567474,
    "best_tr_loss": 0.004801927062754448,
    "best_test_loss": 0.004387731663882732
}