{
    "best_epoch": 1079,
    "best_val_loss": 0.011154880747199059,
    "best_tr_loss": 0.013128542341291904,
    "best_test_loss": 0.010936954990029335
}