{
    "best_epoch": 189,
    "best_val_loss": 0.01408196147531271,
    "best_tr_loss": 0.027607282623648643,
    "best_test_loss": 0.02070596069097519
}