{
    "best_epoch": 247,
    "best_val_loss": 0.007551851216703653,
    "best_tr_loss": 0.005540086422115564,
    "best_test_loss": 0.006427863612771034
}