{
    "best_epoch": 1430,
    "best_val_loss": 0.024625997990369797,
    "best_tr_loss": 0.02728606411255896,
    "best_test_loss": 0.024051403626799583
}