{
    "best_epoch": 289,
    "best_val_loss": 0.02195218950510025,
    "best_tr_loss": 0.025979224019325696,
    "best_test_loss": 0.022581148892641068
}