{
    "best_epoch": 56,
    "best_val_loss": 0.2954613268375397,
    "best_tr_loss": 0.2628096044063568,
    "best_test_loss": 0.24409687519073486
}