{
    "best_epoch": 557,
    "best_val_loss": 0.0489952526986599,
    "best_tr_loss": 0.07722392678260803,
    "best_test_loss": 0.07841718941926956
}