{
    "best_epoch": 353,
    "best_val_loss": 0.0033176227007061243,
    "best_tr_loss": 0.0038439289201050997,
    "best_test_loss": 0.010023499839007854
}