{
    "best_epoch": 167,
    "best_val_loss": 0.019383281469345093,
    "best_tr_loss": 0.020230116322636604,
    "best_test_loss": 0.02130010910332203
}