{
    "best_epoch": 462,
    "best_val_loss": 0.004359410144388676,
    "best_tr_loss": 0.013083082623779774,
    "best_test_loss": 0.002756791189312935
}