{
    "best_epoch": 672,
    "best_val_loss": 0.0071234311908483505,
    "best_tr_loss": 0.005732776131480932,
    "best_test_loss": 0.005823848303407431
}