{
    "best_epoch": 168,
    "best_val_loss": 0.04772697761654854,
    "best_tr_loss": 0.06980416178703308,
    "best_test_loss": 0.09231125563383102
}