{
    "best_epoch": 667,
    "best_val_loss": 0.003941873088479042,
    "best_tr_loss": 0.007775085297628091,
    "best_test_loss": 0.004034595098346472
}