{
    "best_epoch": 655,
    "best_val_loss": 0.008158390410244465,
    "best_tr_loss": 0.008760599419474602,
    "best_test_loss": 0.011666003614664078
}