{
    "best_epoch": 928,
    "best_val_loss": 0.004260886926203966,
    "best_tr_loss": 0.004531907383352518,
    "best_test_loss": 0.005357327405363321
}