{
    "best_epoch": 1217,
    "best_val_loss": 0.011942018754780293,
    "best_tr_loss": 0.01668175574965202,
    "best_test_loss": 0.011628049425780773
}