{
    "best_epoch": 943,
    "best_val_loss": 0.042574573308229446,
    "best_tr_loss": 0.04338650777935982,
    "best_test_loss": 0.10803491622209549
}