{
    "best_epoch": 689,
    "best_val_loss": 0.08579269051551819,
    "best_tr_loss": 0.08789208717644215,
    "best_test_loss": 0.08722394704818726
}