{
    "best_epoch": 1879,
    "best_val_loss": 0.026529094204306602,
    "best_tr_loss": 0.03879905187270858,
    "best_test_loss": 0.026130199432373047
}