{
    "best_epoch": 135,
    "best_val_loss": 0.012466317974030972,
    "best_tr_loss": 0.028518835082650185,
    "best_test_loss": 0.019344592466950417
}