{
    "best_epoch": 1198,
    "best_val_loss": 0.0032727867364883423,
    "best_tr_loss": 0.3220899701118469,
    "best_test_loss": 0.004196080844849348
}