{
    "best_epoch": 763,
    "best_val_loss": 0.01224929466843605,
    "best_tr_loss": 0.01843161731958389,
    "best_test_loss": 0.011122412979602814
}