{
    "best_epoch": 680,
    "best_val_loss": 0.04399251192808151,
    "best_tr_loss": 0.04583284684589931,
    "best_test_loss": 0.043990179896354675
}