{
    "best_epoch": 1148,
    "best_val_loss": 0.030818354338407516,
    "best_tr_loss": 0.029032708145678043,
    "best_test_loss": 0.033655136823654175
}