{
    "best_epoch": 125,
    "best_val_loss": 0.005398244597017765,
    "best_tr_loss": 0.006116514746099711,
    "best_test_loss": 0.0069250063970685005
}