{
    "best_epoch": 1989,
    "best_val_loss": 0.1515251249074936,
    "best_tr_loss": 0.18542507787545523,
    "best_test_loss": 0.15779632329940796
}