{
    "best_epoch": 624,
    "best_val_loss": 0.07087887078523636,
    "best_tr_loss": 0.0770878791809082,
    "best_test_loss": 0.09133901447057724
}