{
    "best_epoch": 695,
    "best_val_loss": 0.006592712365090847,
    "best_tr_loss": 0.012517972228427729,
    "best_test_loss": 0.0074563962407410145
}