{
    "best_epoch": 1515,
    "best_val_loss": 0.04568468779325485,
    "best_tr_loss": 0.05410230532288551,
    "best_test_loss": 0.10087865591049194
}