{
    "best_epoch": 1315,
    "best_val_loss": 0.0014040626119822264,
    "best_tr_loss": 0.0019044594284003745,
    "best_test_loss": 0.0014520115219056606
}