{
    "best_epoch": 527,
    "best_val_loss": 0.0028259435202926397,
    "best_tr_loss": 0.003278345917351544,
    "best_test_loss": 0.003244733205065131
}