{
    "best_epoch": 1590,
    "best_val_loss": 0.060315702110528946,
    "best_tr_loss": 0.08520619943737984,
    "best_test_loss": 0.06151675060391426
}