{
    "best_epoch": 40,
    "best_val_loss": 0.012835423462092876,
    "best_tr_loss": 0.5105320918373764,
    "best_test_loss": 0.012602558359503746
}