{
    "best_epoch": 1515,
    "best_val_loss": 0.029926132410764694,
    "best_tr_loss": 0.05199019300440947,
    "best_test_loss": 0.04227171465754509
}