{
    "best_epoch": 613,
    "best_val_loss": 0.13097375631332397,
    "best_tr_loss": 0.1329783190573965,
    "best_test_loss": 0.12991531193256378
}