{
    "best_epoch": 1124,
    "best_val_loss": 0.008279914036393166,
    "best_tr_loss": 0.008730033073912968,
    "best_test_loss": 0.008598070591688156
}