{
    "best_epoch": 1591,
    "best_val_loss": 0.08529206365346909,
    "best_tr_loss": 0.09073561836372722,
    "best_test_loss": 0.07833381742238998
}