{
    "best_epoch": 1376,
    "best_val_loss": 0.02584662288427353,
    "best_tr_loss": 0.03370707482099533,
    "best_test_loss": 0.02660459652543068
}