{
    "best_epoch": 1322,
    "best_val_loss": 0.03972695767879486,
    "best_tr_loss": 0.04275378677994013,
    "best_test_loss": 0.04289909079670906
}