{
    "best_epoch": 54,
    "best_val_loss": 0.11463333666324615,
    "best_tr_loss": 0.13583273440599442,
    "best_test_loss": 0.11661937832832336
}