{
    "best_epoch": 780,
    "best_val_loss": 0.05596023425459862,
    "best_tr_loss": 0.06881458684802055,
    "best_test_loss": 0.076716847717762
}