{
    "best_epoch": 1990,
    "best_val_loss": 0.03206435218453407,
    "best_tr_loss": 0.03588012316160732,
    "best_test_loss": 0.032324131578207016
}