{
    "best_epoch": 85,
    "best_val_loss": 0.07184252887964249,
    "best_tr_loss": 0.08790595643222332,
    "best_test_loss": 0.06339939683675766
}