{
    "best_epoch": 521,
    "best_val_loss": 0.011505663394927979,
    "best_tr_loss": 0.015318195219151676,
    "best_test_loss": 0.01156372856348753
}