{
    "best_epoch": 1837,
    "best_val_loss": 0.05006459355354309,
    "best_tr_loss": 0.06155666655727795,
    "best_test_loss": 0.0561915822327137
}