{
    "best_epoch": 290,
    "best_val_loss": 0.01072203554213047,
    "best_tr_loss": 0.012382308952510357,
    "best_test_loss": 0.017996853217482567
}