{
    "best_epoch": 1999,
    "best_val_loss": 0.008611735887825489,
    "best_tr_loss": 0.008697141893208027,
    "best_test_loss": 0.01117839477956295
}