{
    "best_epoch": 781,
    "best_val_loss": 0.004333223681896925,
    "best_tr_loss": 0.005425089504569769,
    "best_test_loss": 0.0061713047325611115
}