{
    "best_epoch": 1798,
    "best_val_loss": 0.0021072218660265207,
    "best_tr_loss": 0.002379848388954997,
    "best_test_loss": 0.0024791157338768244
}