{
    "best_epoch": 265,
    "best_val_loss": 0.06011050567030907,
    "best_tr_loss": 0.06325724720954895,
    "best_test_loss": 0.0660533681511879
}