{
    "best_epoch": 109,
    "best_val_loss": 0.05666160210967064,
    "best_tr_loss": 0.052715402096509933,
    "best_test_loss": 0.06851804256439209
}