{
    "best_epoch": 1662,
    "best_val_loss": 0.18727228045463562,
    "best_tr_loss": 0.23748958855867386,
    "best_test_loss": 0.20725399255752563
}