{
    "best_epoch": 50,
    "best_val_loss": 0.044166453182697296,
    "best_tr_loss": 0.0472551517188549,
    "best_test_loss": 0.045657481998205185
}