{
    "best_epoch": 262,
    "best_val_loss": 0.0003136446757707745,
    "best_tr_loss": 0.001299844756431412,
    "best_test_loss": 0.00024661634233780205
}