{
    "best_epoch": 34,
    "best_val_loss": 0.03640831261873245,
    "best_tr_loss": 0.04222998954355717,
    "best_test_loss": 0.051066722720861435
}