{
    "best_epoch": 460,
    "best_val_loss": 0.04808663949370384,
    "best_tr_loss": 0.05070410296320915,
    "best_test_loss": 0.047688234597444534
}