{
    "best_epoch": 1115,
    "best_val_loss": 0.32863709330558777,
    "best_tr_loss": 0.29897430539131165,
    "best_test_loss": 0.31119221448898315
}