{
    "best_epoch": 362,
    "best_val_loss": 0.016166968271136284,
    "best_tr_loss": 0.016189936082810163,
    "best_test_loss": 0.012576929293572903
}