{
    "best_epoch": 85,
    "best_val_loss": 0.024785077199339867,
    "best_tr_loss": 0.028924019634723665,
    "best_test_loss": 0.027144934982061386
}