{
    "best_epoch": 622,
    "best_val_loss": 0.0034345800522714853,
    "best_tr_loss": 0.005983327927354436,
    "best_test_loss": 0.0034458620939403772
}