{
    "best_epoch": 1791,
    "best_val_loss": 0.040820371359586716,
    "best_tr_loss": 0.10065156304174,
    "best_test_loss": 0.04927210137248039
}