{
    "best_epoch": 1445,
    "best_val_loss": 0.0031493250280618668,
    "best_tr_loss": 0.003361535957083106,
    "best_test_loss": 0.005825798958539963
}