{
    "best_epoch": 501,
    "best_val_loss": 0.002084321342408657,
    "best_tr_loss": 0.00204567180480808,
    "best_test_loss": 0.0022737279068678617
}