{
    "best_epoch": 1109,
    "best_val_loss": 0.20280814170837402,
    "best_tr_loss": 0.184090718626976,
    "best_test_loss": 0.21106858551502228
}