{
    "best_epoch": 392,
    "best_val_loss": 0.016942961141467094,
    "best_tr_loss": 0.018539798259735108,
    "best_test_loss": 0.018781408667564392
}