{
    "best_epoch": 1212,
    "best_val_loss": 0.2431381344795227,
    "best_tr_loss": 0.24821678921580315,
    "best_test_loss": 0.2536773383617401
}