{
    "best_epoch": 1096,
    "best_val_loss": 0.00664996774867177,
    "best_tr_loss": 0.00598467318341136,
    "best_test_loss": 0.0064971367828547955
}