{
    "best_epoch": 157,
    "best_val_loss": 0.003809332847595215,
    "best_tr_loss": 0.004904609348159283,
    "best_test_loss": 0.004189398605376482
}