{
    "best_epoch": 75,
    "best_val_loss": 0.008814753964543343,
    "best_tr_loss": 0.009185419185087085,
    "best_test_loss": 0.00874336902052164
}