{
    "best_epoch": 17,
    "best_val_loss": 0.017509501427412033,
    "best_tr_loss": 0.03320369869470596,
    "best_test_loss": 0.036258142441511154
}