{
    "best_epoch": 1706,
    "best_val_loss": 0.000979156349785626,
    "best_tr_loss": 0.00220671808347106,
    "best_test_loss": 0.001356663298793137
}