{
    "best_epoch": 189,
    "best_val_loss": 0.037011489272117615,
    "best_tr_loss": 0.06276624649763107,
    "best_test_loss": 0.040511444211006165
}