{
    "best_epoch": 1846,
    "best_val_loss": 0.012897232547402382,
    "best_tr_loss": 0.01162796001881361,
    "best_test_loss": 0.010143530555069447
}