{
    "best_epoch": 1205,
    "best_val_loss": 0.008616776205599308,
    "best_tr_loss": 0.008373708464205265,
    "best_test_loss": 0.009156317450106144
}