{
    "best_epoch": 139,
    "best_val_loss": 0.08405745774507523,
    "best_tr_loss": 0.08239810168743134,
    "best_test_loss": 0.12205591052770615
}