{
    "best_epoch": 1946,
    "best_val_loss": 0.010565515607595444,
    "best_tr_loss": 0.01482338240991036,
    "best_test_loss": 0.009966160170733929
}