{
    "best_epoch": 293,
    "best_val_loss": 0.002415141323581338,
    "best_tr_loss": 0.003135294682579115,
    "best_test_loss": 0.0023372559808194637
}