{
    "best_epoch": 1017,
    "best_val_loss": 0.0034399591386318207,
    "best_tr_loss": 0.0037026443518698216,
    "best_test_loss": 0.003431454300880432
}