{
    "best_epoch": 1296,
    "best_val_loss": 0.02525613270699978,
    "best_tr_loss": 0.022445688024163246,
    "best_test_loss": 0.022889195010066032
}