{
    "best_epoch": 1037,
    "best_val_loss": 0.00646947743371129,
    "best_tr_loss": 0.006855685481180747,
    "best_test_loss": 0.0067464569583535194
}