{
    "best_epoch": 757,
    "best_val_loss": 0.13719044625759125,
    "best_tr_loss": 0.134910361841321,
    "best_test_loss": 0.14596617221832275
}