{
    "best_epoch": 103,
    "best_val_loss": 0.02597031556069851,
    "best_tr_loss": 0.036398809403181076,
    "best_test_loss": 0.042961400002241135
}