{
    "best_epoch": 1994,
    "best_val_loss": 0.06193262338638306,
    "best_tr_loss": 0.05961494892835617,
    "best_test_loss": 0.059347912669181824
}