{
    "best_epoch": 1867,
    "best_val_loss": 0.08987440168857574,
    "best_tr_loss": 0.21253426559269428,
    "best_test_loss": 2.373541831970215
}