{
    "best_epoch": 72,
    "best_val_loss": 0.0035860242787748575,
    "best_tr_loss": 0.006476251925859187,
    "best_test_loss": 0.0038310952950268984
}