{
    "best_epoch": 189,
    "best_val_loss": 0.11484988778829575,
    "best_tr_loss": 0.1257607787847519,
    "best_test_loss": 0.13608315587043762
}