{
    "best_epoch": 806,
    "best_val_loss": 0.024204865097999573,
    "best_tr_loss": 0.025133850052952766,
    "best_test_loss": 0.02176073007285595
}