{
    "best_epoch": 296,
    "best_val_loss": 0.10318896919488907,
    "best_tr_loss": 0.09054156392812729,
    "best_test_loss": 0.09182287007570267
}