{
    "best_epoch": 1973,
    "best_val_loss": 0.026502903550863266,
    "best_tr_loss": 0.026028404757380486,
    "best_test_loss": 0.026313168928027153
}