{
    "best_epoch": 1465,
    "best_val_loss": 0.02718254178762436,
    "best_tr_loss": 0.028938331175595522,
    "best_test_loss": 0.027312377467751503
}