{
    "best_epoch": 47,
    "best_val_loss": 0.09903915226459503,
    "best_tr_loss": 0.09630153079827626,
    "best_test_loss": 0.09905140846967697
}