{
    "best_epoch": 1548,
    "best_val_loss": 0.006166108418256044,
    "best_tr_loss": 0.005403977818787098,
    "best_test_loss": 0.005402956157922745
}