{
    "best_epoch": 1590,
    "best_val_loss": 0.022028516978025436,
    "best_tr_loss": 0.02575969696044922,
    "best_test_loss": 0.02260560914874077
}