{
    "best_epoch": 274,
    "best_val_loss": 0.004360202234238386,
    "best_tr_loss": 0.013134161941707134,
    "best_test_loss": 0.00298617803491652
}