{
    "best_epoch": 1437,
    "best_val_loss": 0.004562598653137684,
    "best_tr_loss": 0.005074872449040413,
    "best_test_loss": 0.004819960333406925
}