{
    "best_epoch": 773,
    "best_val_loss": 0.0138041190803051,
    "best_tr_loss": 0.017666698863299992,
    "best_test_loss": 0.013807930052280426
}