{
    "best_epoch": 1701,
    "best_val_loss": 0.08695072680711746,
    "best_tr_loss": 0.08909473717212676,
    "best_test_loss": 0.08806992322206497
}