{
    "best_epoch": 254,
    "best_val_loss": 0.006184691097587347,
    "best_tr_loss": 0.006605223473161459,
    "best_test_loss": 0.006271182559430599
}