{
    "best_epoch": 966,
    "best_val_loss": 0.011220461688935757,
    "best_tr_loss": 0.013658844058712323,
    "best_test_loss": 0.011368285864591599
}