{
    "best_epoch": 161,
    "best_val_loss": 0.009441654197871685,
    "best_tr_loss": 0.013113325748306055,
    "best_test_loss": 0.01699751615524292
}