{
    "best_epoch": 1966,
    "best_val_loss": 0.010287756100296974,
    "best_tr_loss": 0.008051915094256401,
    "best_test_loss": 0.014628468081355095
}