{
    "best_epoch": 711,
    "best_val_loss": 0.038295697420835495,
    "best_tr_loss": 0.03601455191771189,
    "best_test_loss": 0.04210776090621948
}