{
    "best_epoch": 1810,
    "best_val_loss": 0.06341294944286346,
    "best_tr_loss": 0.06701719388365746,
    "best_test_loss": 0.06506415456533432
}