{
    "best_epoch": 444,
    "best_val_loss": 0.05183239281177521,
    "best_tr_loss": 0.05290156323462725,
    "best_test_loss": 0.07028656452894211
}