{
    "best_epoch": 128,
    "best_val_loss": 0.3493881821632385,
    "best_tr_loss": 0.2550002336502075,
    "best_test_loss": 0.2574556767940521
}