{
    "best_epoch": 1394,
    "best_val_loss": 0.007776318117976189,
    "best_tr_loss": 0.009100080312540134,
    "best_test_loss": 0.00722834886983037
}