{
    "best_epoch": 278,
    "best_val_loss": 0.009998152032494545,
    "best_tr_loss": 0.011563962247843543,
    "best_test_loss": 0.01074089203029871
}