{
    "best_epoch": 1344,
    "best_val_loss": 0.09850793331861496,
    "best_tr_loss": 0.10973170399665833,
    "best_test_loss": 0.08324959129095078
}