{
    "best_epoch": 1210,
    "best_val_loss": 0.08081473410129547,
    "best_tr_loss": 0.09182199090719223,
    "best_test_loss": 0.09858568757772446
}