{
    "best_epoch": 38,
    "best_val_loss": 0.20107930898666382,
    "best_tr_loss": 0.21256617605686187,
    "best_test_loss": 0.19693335890769958
}