{
    "best_epoch": 256,
    "best_val_loss": 0.09034383296966553,
    "best_tr_loss": 0.10434380918741226,
    "best_test_loss": 0.08773428946733475
}