{
    "best_epoch": 779,
    "best_val_loss": 0.027634579688310623,
    "best_tr_loss": 0.028086318737930722,
    "best_test_loss": 0.02444620244204998
}