{
    "best_epoch": 204,
    "best_val_loss": 0.005509572569280863,
    "best_tr_loss": 0.007047311402857304,
    "best_test_loss": 0.005993107333779335
}