{
    "best_epoch": 1068,
    "best_val_loss": 0.09963217377662659,
    "best_tr_loss": 0.1023626145389345,
    "best_test_loss": 0.10496782511472702
}