{
    "best_epoch": 1687,
    "best_val_loss": 0.016230888664722443,
    "best_tr_loss": 0.02074131022461436,
    "best_test_loss": 0.022355815395712852
}