{
    "best_epoch": 212,
    "best_val_loss": 0.016741177067160606,
    "best_tr_loss": 0.02174465637654066,
    "best_test_loss": 0.02403421513736248
}