{
    "best_epoch": 756,
    "best_val_loss": 0.04327631741762161,
    "best_tr_loss": 0.054882463067770004,
    "best_test_loss": 0.05122298002243042
}