{
    "best_epoch": 661,
    "best_val_loss": 0.11849404871463776,
    "best_tr_loss": 0.12886989240845045,
    "best_test_loss": 0.14710694551467896
}