{
    "best_epoch": 1842,
    "best_val_loss": 0.009934036061167717,
    "best_tr_loss": 0.010593496263027191,
    "best_test_loss": 0.009793861769139767
}