{
    "best_epoch": 1066,
    "best_val_loss": 0.4954087436199188,
    "best_tr_loss": 3.012899413704872,
    "best_test_loss": 10.864309310913086
}