{
    "best_epoch": 1582,
    "best_val_loss": 0.43103569746017456,
    "best_tr_loss": 0.5534739196300507,
    "best_test_loss": 0.6059761047363281
}