{
    "best_epoch": 1943,
    "best_val_loss": 0.08666806668043137,
    "best_tr_loss": 0.11467275189028846,
    "best_test_loss": 0.0923817828297615
}