{
    "best_epoch": 1852,
    "best_val_loss": 0.002025518799200654,
    "best_tr_loss": 0.002398554584942758,
    "best_test_loss": 0.004087388049811125
}