{
    "best_epoch": 593,
    "best_val_loss": 0.009495491161942482,
    "best_tr_loss": 0.009599399287253618,
    "best_test_loss": 0.007772332523018122
}