{
    "best_epoch": 689,
    "best_val_loss": 0.00510320533066988,
    "best_tr_loss": 0.006734119087923318,
    "best_test_loss": 0.005589526612311602
}