{
    "best_epoch": 1382,
    "best_val_loss": 0.11113923788070679,
    "best_tr_loss": 0.11152374558150768,
    "best_test_loss": 0.10784199088811874
}