{
    "best_epoch": 215,
    "best_val_loss": 0.0275267381221056,
    "best_tr_loss": 0.03934892266988754,
    "best_test_loss": 0.037708915770053864
}