{
    "best_epoch": 383,
    "best_val_loss": 446.3257751464844,
    "best_tr_loss": 455.1393280029297,
    "best_test_loss": 396.30169677734375
}