{
    "best_epoch": 1962,
    "best_val_loss": 0.005450134165585041,
    "best_tr_loss": 0.006224520970135927,
    "best_test_loss": 0.005328926257789135
}