{
    "best_epoch": 106,
    "best_val_loss": 0.014857208356261253,
    "best_tr_loss": 0.014359317564715942,
    "best_test_loss": 0.015157042071223259
}