{
    "best_epoch": 1627,
    "best_val_loss": 0.0025195195339620113,
    "best_tr_loss": 0.003959068469703198,
    "best_test_loss": 0.0032330071553587914
}