{
    "best_epoch": 65,
    "best_val_loss": 0.006760450080037117,
    "best_tr_loss": 0.006761310001214345,
    "best_test_loss": 0.007583302911370993
}