{
    "best_epoch": 337,
    "best_val_loss": 0.004970022477209568,
    "best_tr_loss": 0.009287145239515947,
    "best_test_loss": 0.00459152739495039
}