{
    "best_epoch": 812,
    "best_val_loss": 0.003041468793526292,
    "best_tr_loss": 0.0034564182783166568,
    "best_test_loss": 0.0032775637228041887
}