{
    "best_epoch": 144,
    "best_val_loss": 0.04758201166987419,
    "best_tr_loss": 0.05583268217742443,
    "best_test_loss": 0.051903799176216125
}