{
    "best_epoch": 348,
    "best_val_loss": 0.009577292948961258,
    "best_tr_loss": 0.023149339482188225,
    "best_test_loss": 0.013698386028409004
}