{
    "best_epoch": 124,
    "best_val_loss": 0.09292279928922653,
    "best_tr_loss": 0.10655622631311416,
    "best_test_loss": 0.1260877251625061
}