{
    "best_epoch": 263,
    "best_val_loss": 0.0037499263416975737,
    "best_tr_loss": 0.0043113242404965255,
    "best_test_loss": 0.004089258145540953
}