{
    "best_epoch": 278,
    "best_val_loss": 0.003123215865343809,
    "best_tr_loss": 0.0031039909226819873,
    "best_test_loss": 0.003208860754966736
}