{
    "best_epoch": 194,
    "best_val_loss": 0.04548303410410881,
    "best_tr_loss": 0.05067498981952667,
    "best_test_loss": 0.060706283897161484
}