{
    "best_epoch": 680,
    "best_val_loss": 0.1934085637331009,
    "best_tr_loss": 0.21778195419094779,
    "best_test_loss": 0.18814274668693542
}