{
    "best_epoch": 511,
    "best_val_loss": 0.008547758683562279,
    "best_tr_loss": 0.010959005382444178,
    "best_test_loss": 0.0091274818405509
}