{
    "best_epoch": 290,
    "best_val_loss": 0.06141149252653122,
    "best_tr_loss": 0.0791497075309356,
    "best_test_loss": 0.08298208564519882
}