{
    "best_epoch": 1181,
    "best_val_loss": 0.10774601250886917,
    "best_tr_loss": 0.11058369278907776,
    "best_test_loss": 0.0998782142996788
}