{
    "best_epoch": 1611,
    "best_val_loss": 0.009851849637925625,
    "best_tr_loss": 0.011338870623148978,
    "best_test_loss": 0.00905688013881445
}