{
    "best_epoch": 326,
    "best_val_loss": 0.01787519082427025,
    "best_tr_loss": 0.08969134092330933,
    "best_test_loss": 0.026671573519706726
}