{
    "best_epoch": 371,
    "best_val_loss": 0.0916287899017334,
    "best_tr_loss": 0.10739115625619888,
    "best_test_loss": 0.11413618922233582
}