{
    "best_epoch": 359,
    "best_val_loss": 0.005141782574355602,
    "best_tr_loss": 0.007093605236150324,
    "best_test_loss": 0.005793688353151083
}