{
    "best_epoch": 318,
    "best_val_loss": 0.00589374266564846,
    "best_tr_loss": 0.007928555947728455,
    "best_test_loss": 0.007530338130891323
}