{
    "best_epoch": 1672,
    "best_val_loss": 0.014008177444338799,
    "best_tr_loss": 0.01638230890966952,
    "best_test_loss": 0.014923041686415672
}