{
    "best_epoch": 129,
    "best_val_loss": 0.0031587746925652027,
    "best_tr_loss": 0.00646981515455991,
    "best_test_loss": 0.003203598316758871
}