{
    "best_epoch": 404,
    "best_val_loss": 0.007089152932167053,
    "best_tr_loss": 0.008696334022614691,
    "best_test_loss": 0.006936055142432451
}