{
    "best_epoch": 70,
    "best_val_loss": 0.0158852469176054,
    "best_tr_loss": 0.017643258906900883,
    "best_test_loss": 0.016184112057089806
}