{
    "best_epoch": 727,
    "best_val_loss": 0.035798329859972,
    "best_tr_loss": 0.04482031241059303,
    "best_test_loss": 0.02494340017437935
}