{
    "best_epoch": 412,
    "best_val_loss": 0.011008255183696747,
    "best_tr_loss": 0.009752288460731506,
    "best_test_loss": 0.010652408935129642
}