{
    "best_epoch": 1903,
    "best_val_loss": 0.0031308403704315424,
    "best_tr_loss": 0.0038152903210944855,
    "best_test_loss": 0.003782474435865879
}