{
    "best_epoch": 1596,
    "best_val_loss": 0.024295398965477943,
    "best_tr_loss": 0.024555606534704566,
    "best_test_loss": 0.02356015332043171
}