{
    "best_epoch": 278,
    "best_val_loss": 0.12708309292793274,
    "best_tr_loss": 0.127281092107296,
    "best_test_loss": 0.1448211520910263
}