{
    "best_epoch": 1225,
    "best_val_loss": 0.08157140016555786,
    "best_tr_loss": 0.08806935910667692,
    "best_test_loss": 0.08717621862888336
}