{
    "best_epoch": 221,
    "best_val_loss": 0.03097577951848507,
    "best_tr_loss": 0.06167738512158394,
    "best_test_loss": 0.043351490050554276
}