{
    "best_epoch": 1799,
    "best_val_loss": 0.003485438646748662,
    "best_tr_loss": 0.005130072858614417,
    "best_test_loss": 0.003424662398174405
}