{
    "best_epoch": 487,
    "best_val_loss": 0.018915493041276932,
    "best_tr_loss": 0.018219508803807773,
    "best_test_loss": 0.017073264345526695
}