{
    "best_epoch": 114,
    "best_val_loss": 0.0031296408269554377,
    "best_tr_loss": 0.0038813193483899036,
    "best_test_loss": 0.00379970483481884
}