{
    "best_epoch": 849,
    "best_val_loss": 0.01017728727310896,
    "best_tr_loss": 0.016197839751839638,
    "best_test_loss": 0.022054770961403847
}