{
    "best_epoch": 1799,
    "best_val_loss": 0.014781111851334572,
    "best_tr_loss": 0.01578227506781166,
    "best_test_loss": 0.01523957122117281
}