{
    "best_epoch": 246,
    "best_val_loss": 0.005116966087371111,
    "best_tr_loss": 0.007494548335671425,
    "best_test_loss": 0.010477508418262005
}