{
    "best_epoch": 644,
    "best_val_loss": 0.03889956325292587,
    "best_tr_loss": 0.0490708202123642,
    "best_test_loss": 0.04646208882331848
}