{
    "best_epoch": 976,
    "best_val_loss": 0.00375725282356143,
    "best_tr_loss": 0.005279199427200688,
    "best_test_loss": 0.0037313150241971016
}