{
    "best_epoch": 137,
    "best_val_loss": 0.006230426952242851,
    "best_tr_loss": 0.015522623434662819,
    "best_test_loss": 0.0071204169653356075
}