{
    "best_epoch": 50,
    "best_val_loss": 0.10025962442159653,
    "best_tr_loss": 0.11698354551425347,
    "best_test_loss": 0.07775827497243881
}