{
    "best_epoch": 855,
    "best_val_loss": 0.0032065182458609343,
    "best_tr_loss": 0.0036538048233422968,
    "best_test_loss": 0.0031240195967257023
}