{
    "best_epoch": 398,
    "best_val_loss": 0.014228164218366146,
    "best_tr_loss": 0.01634480661402146,
    "best_test_loss": 0.013536193408071995
}