{
    "best_epoch": 1806,
    "best_val_loss": 0.047427233308553696,
    "best_tr_loss": 0.049483183198250257,
    "best_test_loss": 0.04463214799761772
}