{
    "best_epoch": 776,
    "best_val_loss": 0.0045823026448488235,
    "best_tr_loss": 0.00616840529255569,
    "best_test_loss": 0.006024685222655535
}