{
    "best_epoch": 1773,
    "best_val_loss": 0.039982229471206665,
    "best_tr_loss": 0.045259606431831016,
    "best_test_loss": 0.046115126460790634
}