{
    "best_epoch": 1480,
    "best_val_loss": 0.026521993800997734,
    "best_tr_loss": 0.030468745343387126,
    "best_test_loss": 0.03065139800310135
}