{
    "best_epoch": 1962,
    "best_val_loss": 0.013704192824661732,
    "best_tr_loss": 0.014764450956135988,
    "best_test_loss": 0.013907245360314846
}