{
    "best_epoch": 358,
    "best_val_loss": 0.15544985234737396,
    "best_tr_loss": 0.1595194935798645,
    "best_test_loss": 0.15243381261825562
}