{
    "best_epoch": 682,
    "best_val_loss": 0.08270302414894104,
    "best_tr_loss": 0.10224166885018349,
    "best_test_loss": 0.10930392146110535
}