{
    "best_epoch": 229,
    "best_val_loss": 0.13980413973331451,
    "best_tr_loss": 0.1472271203994751,
    "best_test_loss": 0.14981427788734436
}