{
    "best_epoch": 392,
    "best_val_loss": 0.016920356079936028,
    "best_tr_loss": 0.02417537709698081,
    "best_test_loss": 0.018101852387189865
}