{
    "best_epoch": 1560,
    "best_val_loss": 0.005127012263983488,
    "best_tr_loss": 0.005650792038068175,
    "best_test_loss": 0.005509579554200172
}