{
    "best_epoch": 155,
    "best_val_loss": 0.02057192474603653,
    "best_tr_loss": 0.02235186193138361,
    "best_test_loss": 0.02384832128882408
}