{
    "best_epoch": 116,
    "best_val_loss": 0.07701128721237183,
    "best_tr_loss": 0.07373676945765813,
    "best_test_loss": 0.07172034680843353
}