{
    "best_epoch": 79,
    "best_val_loss": 0.005102105904370546,
    "best_tr_loss": 0.010356500744819641,
    "best_test_loss": 0.006158134900033474
}