{
    "best_epoch": 1856,
    "best_val_loss": 0.003428397234529257,
    "best_tr_loss": 0.018834847956895828,
    "best_test_loss": 0.010185731574892998
}