{
    "best_epoch": 1649,
    "best_val_loss": 0.016728296875953674,
    "best_tr_loss": 0.022303609464031,
    "best_test_loss": 0.016301268711686134
}