{
    "best_epoch": 191,
    "best_val_loss": 0.017589816823601723,
    "best_tr_loss": 0.039995040744543076,
    "best_test_loss": 0.05809018760919571
}