{
    "best_epoch": 715,
    "best_val_loss": 0.0023831811267882586,
    "best_tr_loss": 0.002722499892115593,
    "best_test_loss": 0.0024479106068611145
}