{
    "best_epoch": 1136,
    "best_val_loss": 0.011416370049118996,
    "best_tr_loss": 0.017417383069793384,
    "best_test_loss": 0.01377070415765047
}