{
    "best_epoch": 1417,
    "best_val_loss": 0.012059880420565605,
    "best_tr_loss": 0.0188637999817729,
    "best_test_loss": 0.013325916603207588
}