{
    "best_epoch": 599,
    "best_val_loss": 0.029304269701242447,
    "best_tr_loss": 0.028358000415292652,
    "best_test_loss": 0.028947820886969566
}