{
    "best_epoch": 1876,
    "best_val_loss": 0.08510659635066986,
    "best_tr_loss": 0.10626472871411931,
    "best_test_loss": 0.12078797072172165
}