{
    "best_epoch": 157,
    "best_val_loss": 0.03942473232746124,
    "best_tr_loss": 0.037723686546087265,
    "best_test_loss": 0.03944572061300278
}