{
    "best_epoch": 793,
    "best_val_loss": 0.05109916254878044,
    "best_tr_loss": 0.04450153186917305,
    "best_test_loss": 0.07063519954681396
}