{
    "best_epoch": 555,
    "best_val_loss": 0.0023078734520822763,
    "best_tr_loss": 0.002411085180938244,
    "best_test_loss": 0.002470213221386075
}