{
    "best_epoch": 1844,
    "best_val_loss": 0.01246810331940651,
    "best_tr_loss": 0.009830830618739128,
    "best_test_loss": 0.018833987414836884
}