{
    "best_epoch": 1823,
    "best_val_loss": 0.011739948764443398,
    "best_tr_loss": 0.015359849917391937,
    "best_test_loss": 0.011366044171154499
}