{
    "best_epoch": 1196,
    "best_val_loss": 0.012271369807422161,
    "best_tr_loss": 0.01196698321459385,
    "best_test_loss": 0.011933660134673119
}