{
    "best_epoch": 284,
    "best_val_loss": 0.019528856500983238,
    "best_tr_loss": 0.02277995622716844,
    "best_test_loss": 0.023301882669329643
}