{
    "best_epoch": 534,
    "best_val_loss": 0.14886774122714996,
    "best_tr_loss": 0.1982094645500183,
    "best_test_loss": 0.2096014767885208
}