{
    "best_epoch": 228,
    "best_val_loss": 0.0437202975153923,
    "best_tr_loss": 0.05104079097509384,
    "best_test_loss": 0.04579811543226242
}