{
    "best_epoch": 1984,
    "best_val_loss": 0.027747763320803642,
    "best_tr_loss": 0.03227104991674423,
    "best_test_loss": 0.031660787761211395
}