{
    "best_epoch": 66,
    "best_val_loss": 0.21096009016036987,
    "best_tr_loss": 0.21108611424763998,
    "best_test_loss": 0.2039986550807953
}