{
    "best_epoch": 1560,
    "best_val_loss": 0.035008132457733154,
    "best_tr_loss": 0.049371957778930664,
    "best_test_loss": 0.03322598710656166
}