{
    "best_epoch": 531,
    "best_val_loss": 0.0051218727603554726,
    "best_tr_loss": 0.008879966281640988,
    "best_test_loss": 0.005037474911659956
}