{
    "best_epoch": 956,
    "best_val_loss": 0.003787554334849119,
    "best_tr_loss": 0.005311356042511761,
    "best_test_loss": 0.003924352116882801
}