{
    "best_epoch": 1880,
    "best_val_loss": 0.002680339850485325,
    "best_tr_loss": 0.004491578554734588,
    "best_test_loss": 0.003408831777051091
}