{
    "best_epoch": 1901,
    "best_val_loss": 0.0038427715189754963,
    "best_tr_loss": 0.003713371464982629,
    "best_test_loss": 0.003092330414801836
}