{
    "best_epoch": 1189,
    "best_val_loss": 0.004283308517187834,
    "best_tr_loss": 0.004976372700184584,
    "best_test_loss": 0.004140100907534361
}