{
    "best_epoch": 312,
    "best_val_loss": 0.054833635687828064,
    "best_tr_loss": 0.06831978261470795,
    "best_test_loss": 0.06001753732562065
}