{
    "best_epoch": 1800,
    "best_val_loss": 0.08322709798812866,
    "best_tr_loss": 0.10579116536038262,
    "best_test_loss": 0.08524711430072784
}