{
    "best_epoch": 35,
    "best_val_loss": 0.02362867258489132,
    "best_tr_loss": 0.07292304188013077,
    "best_test_loss": 0.08778153359889984
}