{
    "best_epoch": 1448,
    "best_val_loss": 0.008030232973396778,
    "best_tr_loss": 0.009821814019232988,
    "best_test_loss": 0.009740023873746395
}