{
    "best_epoch": 989,
    "best_val_loss": 0.009013867937028408,
    "best_tr_loss": 0.020290978252887726,
    "best_test_loss": 0.01018369197845459
}