{
    "best_epoch": 890,
    "best_val_loss": 0.041920144110918045,
    "best_tr_loss": 0.05844506621360779,
    "best_test_loss": 0.05299850553274155
}