{
    "best_epoch": 716,
    "best_val_loss": 0.04513926059007645,
    "best_tr_loss": 0.05270142881916119,
    "best_test_loss": 0.05052189528942108
}