{
    "best_epoch": 1331,
    "best_val_loss": 0.16144657135009766,
    "best_tr_loss": 0.17899959906935692,
    "best_test_loss": 0.16619481146335602
}