{
    "best_epoch": 60,
    "best_val_loss": 0.23252113163471222,
    "best_tr_loss": 0.2498155583937963,
    "best_test_loss": 0.24066764116287231
}