{
    "best_epoch": 349,
    "best_val_loss": 0.01801143027842045,
    "best_tr_loss": 0.023585686460137367,
    "best_test_loss": 0.015314235351979733
}