{
    "best_epoch": 1426,
    "best_val_loss": 0.2569660246372223,
    "best_tr_loss": 0.3595333844423294,
    "best_test_loss": 0.3069048225879669
}