{
    "best_epoch": 1465,
    "best_val_loss": 0.009850205853581429,
    "best_tr_loss": 0.009900083454946676,
    "best_test_loss": 0.00970008596777916
}