{
    "best_epoch": 65,
    "best_val_loss": 0.10655557364225388,
    "best_tr_loss": 0.09200676530599594,
    "best_test_loss": 0.07640938460826874
}