{
    "best_epoch": 567,
    "best_val_loss": 0.004750644788146019,
    "best_tr_loss": 0.004829871468245983,
    "best_test_loss": 0.004535305313766003
}