{
    "best_epoch": 88,
    "best_val_loss": 0.013143608346581459,
    "best_tr_loss": 0.017618704587221146,
    "best_test_loss": 0.009635732509195805
}