{
    "best_epoch": 939,
    "best_val_loss": 0.008983343839645386,
    "best_tr_loss": 0.49022120237350464,
    "best_test_loss": 0.35120970010757446
}