{
    "best_epoch": 287,
    "best_val_loss": 0.02159447781741619,
    "best_tr_loss": 0.024288895468299206,
    "best_test_loss": 0.020532656461000443
}