{
    "best_epoch": 1334,
    "best_val_loss": 0.11071862280368805,
    "best_tr_loss": 0.1298423616422547,
    "best_test_loss": 0.12978693842887878
}