{
    "best_epoch": 93,
    "best_val_loss": 0.14672833681106567,
    "best_tr_loss": 0.15491192042827606,
    "best_test_loss": 0.20829610526561737
}