{
    "best_epoch": 862,
    "best_val_loss": 0.0210629440844059,
    "best_tr_loss": 0.011849889531731606,
    "best_test_loss": 0.008787253871560097
}