{
    "best_epoch": 307,
    "best_val_loss": 0.005143783520907164,
    "best_tr_loss": 0.005139836575835943,
    "best_test_loss": 0.005529844202101231
}