{
    "best_epoch": 1172,
    "best_val_loss": 0.009642754681408405,
    "best_tr_loss": 0.011510814898289166,
    "best_test_loss": 0.009792627766728401
}