{
    "best_epoch": 730,
    "best_val_loss": 0.34408116340637207,
    "best_tr_loss": 0.3526770114898682,
    "best_test_loss": 0.337193101644516
}