{
    "best_epoch": 1658,
    "best_val_loss": 0.394178181886673,
    "best_tr_loss": 0.41930558905005455,
    "best_test_loss": 0.3997131586074829
}