{
    "best_epoch": 55,
    "best_val_loss": 0.3156643509864807,
    "best_tr_loss": 0.31142889261245726,
    "best_test_loss": 0.31400370597839355
}