{
    "best_epoch": 1513,
    "best_val_loss": 0.003622905584052205,
    "best_tr_loss": 0.00615176297724247,
    "best_test_loss": 0.0035376991145312786
}