{
    "best_epoch": 436,
    "best_val_loss": 0.021567145362496376,
    "best_tr_loss": 0.019367320463061333,
    "best_test_loss": 0.02542867697775364
}