{
    "best_epoch": 528,
    "best_val_loss": 0.025568334385752678,
    "best_tr_loss": 0.03902527317404747,
    "best_test_loss": 0.03157149255275726
}