{
    "best_epoch": 827,
    "best_val_loss": 0.012502497062087059,
    "best_tr_loss": 0.023852368583902717,
    "best_test_loss": 0.01558559387922287
}