{
    "best_epoch": 1642,
    "best_val_loss": 0.038991622626781464,
    "best_tr_loss": 0.03798108485837778,
    "best_test_loss": 0.039431240409612656
}