{
    "best_epoch": 1576,
    "best_val_loss": 0.013157904148101807,
    "best_tr_loss": 0.014047566801309586,
    "best_test_loss": 0.07458387315273285
}