{
    "best_epoch": 1248,
    "best_val_loss": 0.09146778285503387,
    "best_tr_loss": 0.23116377368569374,
    "best_test_loss": 0.16454839706420898
}