{
    "best_epoch": 928,
    "best_val_loss": 0.004335841629654169,
    "best_tr_loss": 0.005643845031348367,
    "best_test_loss": 0.004431495442986488
}