{
    "best_epoch": 1904,
    "best_val_loss": 0.01663348637521267,
    "best_tr_loss": 0.016784153568247955,
    "best_test_loss": 0.017122289165854454
}