{
    "best_epoch": 1077,
    "best_val_loss": 0.025129351764917374,
    "best_tr_loss": 0.037532463669776917,
    "best_test_loss": 0.020313972607254982
}