{
    "best_epoch": 199,
    "best_val_loss": 0.03898630291223526,
    "best_tr_loss": 0.03954259026795626,
    "best_test_loss": 0.04006732627749443
}