{
    "best_epoch": 80,
    "best_val_loss": 0.010634281672537327,
    "best_tr_loss": 0.011123178311838554,
    "best_test_loss": 0.013149234466254711
}