{
    "best_epoch": 210,
    "best_val_loss": 1139.7259521484375,
    "best_tr_loss": 1155.8436279296875,
    "best_test_loss": 1182.9276123046875
}