{
    "best_epoch": 1518,
    "best_val_loss": 0.006816180422902107,
    "best_tr_loss": 0.014606756158173084,
    "best_test_loss": 0.021235939115285873
}