{
    "best_epoch": 134,
    "best_val_loss": 0.028265275061130524,
    "best_tr_loss": 0.022972097620368004,
    "best_test_loss": 0.027016662061214447
}