{
    "best_epoch": 330,
    "best_val_loss": 0.162075936794281,
    "best_tr_loss": 0.18605888220998976,
    "best_test_loss": 0.1586674153804779
}