{
    "best_epoch": 1385,
    "best_val_loss": 0.013926219195127487,
    "best_tr_loss": 0.014659012667834759,
    "best_test_loss": 0.01298586931079626
}