{
    "best_epoch": 911,
    "best_val_loss": 0.007999062538146973,
    "best_tr_loss": 0.008926350250840187,
    "best_test_loss": 0.009361439384520054
}