{
    "best_epoch": 634,
    "best_val_loss": 0.07898601144552231,
    "best_tr_loss": 0.08121575862169265,
    "best_test_loss": 0.08297125995159149
}