{
    "best_epoch": 203,
    "best_val_loss": 0.0037863459438085556,
    "best_tr_loss": 0.008706392720341682,
    "best_test_loss": 0.004836655221879482
}