{
    "best_epoch": 1763,
    "best_val_loss": 0.006414126604795456,
    "best_tr_loss": 0.009090453386306763,
    "best_test_loss": 0.010115587152540684
}