{
    "best_epoch": 43,
    "best_val_loss": 0.00926593691110611,
    "best_tr_loss": 0.08535245805978775,
    "best_test_loss": 0.02233665995299816
}