{
    "best_epoch": 1801,
    "best_val_loss": 0.10269352048635483,
    "best_tr_loss": 0.13696621644955415,
    "best_test_loss": 0.10354837030172348
}