{
    "best_epoch": 1830,
    "best_val_loss": 0.003194683464244008,
    "best_tr_loss": 0.0048630081582814455,
    "best_test_loss": 0.003724626498296857
}