{
    "best_epoch": 1853,
    "best_val_loss": 0.009565521962940693,
    "best_tr_loss": 0.011435279622673988,
    "best_test_loss": 0.007792230695486069
}