{
    "best_epoch": 14,
    "best_val_loss": 0.03636440262198448,
    "best_tr_loss": 0.03540957781175772,
    "best_test_loss": 0.03845739737153053
}