{
    "best_epoch": 68,
    "best_val_loss": 0.005892718676477671,
    "best_tr_loss": 0.008369239047169685,
    "best_test_loss": 0.005649808794260025
}