{
    "best_epoch": 101,
    "best_val_loss": 0.012093059718608856,
    "best_tr_loss": 0.02602500095963478,
    "best_test_loss": 0.025063691660761833
}