{
    "best_epoch": 42,
    "best_val_loss": 0.06200801581144333,
    "best_tr_loss": 0.045919906347990036,
    "best_test_loss": 0.04267159104347229
}