{
    "best_epoch": 447,
    "best_val_loss": 0.008821030147373676,
    "best_tr_loss": 0.017107442021369934,
    "best_test_loss": 0.014224202372133732
}