{
    "best_epoch": 1163,
    "best_val_loss": 0.029114142060279846,
    "best_tr_loss": 0.029934496618807316,
    "best_test_loss": 0.02735874056816101
}