{
    "best_epoch": 515,
    "best_val_loss": 0.06218874454498291,
    "best_tr_loss": 0.06531508391102155,
    "best_test_loss": 0.06298233568668365
}