{
    "best_epoch": 751,
    "best_val_loss": 0.0026571706403046846,
    "best_tr_loss": 0.0027388404705561697,
    "best_test_loss": 0.002803657203912735
}