{
    "best_epoch": 1591,
    "best_val_loss": 0.1596706509590149,
    "best_tr_loss": 0.19291003048419952,
    "best_test_loss": 0.1776115596294403
}