{
    "best_epoch": 1570,
    "best_val_loss": 0.02337752841413021,
    "best_tr_loss": 0.02410857193171978,
    "best_test_loss": 0.01946244202554226
}