{
    "best_epoch": 1007,
    "best_val_loss": 0.39218881726264954,
    "best_tr_loss": 0.3690035492181778,
    "best_test_loss": 0.36768558621406555
}