{
    "best_epoch": 569,
    "best_val_loss": 0.058043304830789566,
    "best_tr_loss": 0.05751096142026094,
    "best_test_loss": 0.06784917414188385
}