{
    "best_epoch": 107,
    "best_val_loss": 0.0021252776496112347,
    "best_tr_loss": 0.020250722765922546,
    "best_test_loss": 0.01187613420188427
}