{
    "best_epoch": 218,
    "best_val_loss": 0.028011957183480263,
    "best_tr_loss": 0.03305987194180489,
    "best_test_loss": 0.0322902575135231
}