{
    "best_epoch": 1971,
    "best_val_loss": 0.048556044697761536,
    "best_tr_loss": 0.0713272005892717,
    "best_test_loss": 0.04578666761517525
}