{
    "best_epoch": 451,
    "best_val_loss": 0.010580937378108501,
    "best_tr_loss": 0.021523678675293922,
    "best_test_loss": 0.03557271510362625
}