{
    "best_epoch": 473,
    "best_val_loss": 0.009207534603774548,
    "best_tr_loss": 0.010611762292683125,
    "best_test_loss": 0.012108602561056614
}