{
    "best_epoch": 121,
    "best_val_loss": 0.021835174411535263,
    "best_tr_loss": 0.020083662122488022,
    "best_test_loss": 0.02126770094037056
}