{
    "best_epoch": 1832,
    "best_val_loss": 0.21296478807926178,
    "best_tr_loss": 0.22522275522351265,
    "best_test_loss": 0.21413059532642365
}