{
    "best_epoch": 457,
    "best_val_loss": 0.01637670025229454,
    "best_tr_loss": 0.015574264153838158,
    "best_test_loss": 0.015696020796895027
}