{
    "best_epoch": 1856,
    "best_val_loss": 0.30584830045700073,
    "best_tr_loss": 0.28842034935951233,
    "best_test_loss": 0.3187321722507477
}