{
    "best_epoch": 126,
    "best_val_loss": 0.08207999169826508,
    "best_tr_loss": 0.10480325818061828,
    "best_test_loss": 0.08740078657865524
}