{
    "best_epoch": 126,
    "best_val_loss": 0.03944637253880501,
    "best_tr_loss": 0.03851822577416897,
    "best_test_loss": 0.0428970642387867
}