{
    "best_epoch": 170,
    "best_val_loss": 0.05215730518102646,
    "best_tr_loss": 0.06994839012622833,
    "best_test_loss": 0.08683385699987411
}