{
    "best_epoch": 1072,
    "best_val_loss": 0.010015159845352173,
    "best_tr_loss": 0.012444053776562214,
    "best_test_loss": 0.013032102957367897
}