{
    "best_epoch": 26,
    "best_val_loss": 0.02892991714179516,
    "best_tr_loss": 0.03867517039179802,
    "best_test_loss": 0.048575129359960556
}