{
    "best_epoch": 564,
    "best_val_loss": 0.04741683974862099,
    "best_tr_loss": 0.05942550580948591,
    "best_test_loss": 0.056652117520570755
}