{
    "best_epoch": 370,
    "best_val_loss": 0.018450364470481873,
    "best_tr_loss": 0.03468908742070198,
    "best_test_loss": 0.027971241623163223
}