{
    "best_epoch": 607,
    "best_val_loss": 0.05269019305706024,
    "best_tr_loss": 0.05532359207669894,
    "best_test_loss": 0.05273575708270073
}