{
    "best_epoch": 278,
    "best_val_loss": 0.010278593748807907,
    "best_tr_loss": 0.014721555635333061,
    "best_test_loss": 0.012782280333340168
}