{
    "best_epoch": 1612,
    "best_val_loss": 0.011043848469853401,
    "best_tr_loss": 0.013129631988704205,
    "best_test_loss": 0.01072844211012125
}