{
    "best_epoch": 726,
    "best_val_loss": 0.15847033262252808,
    "best_tr_loss": 0.10840422660112381,
    "best_test_loss": 0.17787085473537445
}