{
    "best_epoch": 573,
    "best_val_loss": 0.03536044433712959,
    "best_tr_loss": 0.03863937593996525,
    "best_test_loss": 0.042264632880687714
}