{
    "best_epoch": 354,
    "best_val_loss": 0.20770661532878876,
    "best_tr_loss": 0.22567661106586456,
    "best_test_loss": 0.21720054745674133
}