{
    "best_epoch": 38,
    "best_val_loss": 0.0284962709993124,
    "best_tr_loss": 0.03382913954555988,
    "best_test_loss": 0.03306488320231438
}