{
    "best_epoch": 1869,
    "best_val_loss": 0.040865249931812286,
    "best_tr_loss": 0.046300557907670736,
    "best_test_loss": 0.04223938658833504
}