{
    "best_epoch": 1171,
    "best_val_loss": 0.060564108192920685,
    "best_tr_loss": 0.08383253102119152,
    "best_test_loss": 0.0655829980969429
}