{
    "best_epoch": 184,
    "best_val_loss": 0.024915743619203568,
    "best_tr_loss": 0.026382815092802048,
    "best_test_loss": 0.02540258876979351
}