{
    "best_epoch": 134,
    "best_val_loss": 0.019830819219350815,
    "best_tr_loss": 0.018161825835704803,
    "best_test_loss": 0.021101495251059532
}