{
    "best_epoch": 110,
    "best_val_loss": 0.03361716493964195,
    "best_tr_loss": 0.04414578527212143,
    "best_test_loss": 0.051704227924346924
}