{
    "best_epoch": 1911,
    "best_val_loss": 0.04991258308291435,
    "best_tr_loss": 0.07202557846903801,
    "best_test_loss": 0.06286613643169403
}