{
    "best_epoch": 389,
    "best_val_loss": 0.003450601827353239,
    "best_tr_loss": 0.005186753502736489,
    "best_test_loss": 0.00382507243193686
}