{
    "best_epoch": 269,
    "best_val_loss": 0.20122584700584412,
    "best_tr_loss": 0.1982982705036799,
    "best_test_loss": 0.1856311559677124
}