{
    "best_epoch": 1107,
    "best_val_loss": 0.03485167771577835,
    "best_tr_loss": 0.037184569984674454,
    "best_test_loss": 0.04114165157079697
}