{
    "best_epoch": 158,
    "best_val_loss": 0.018373897299170494,
    "best_tr_loss": 0.07243133336305618,
    "best_test_loss": 0.015110490843653679
}