{
    "best_epoch": 268,
    "best_val_loss": 0.01787412539124489,
    "best_tr_loss": 0.020586086437106133,
    "best_test_loss": 0.02190394327044487
}