{
    "best_epoch": 98,
    "best_val_loss": 0.005636855028569698,
    "best_tr_loss": 0.008790865540504456,
    "best_test_loss": 0.007660951931029558
}