{
    "best_epoch": 552,
    "best_val_loss": 0.0013240023981779814,
    "best_tr_loss": 0.001766367913940205,
    "best_test_loss": 0.0012680741492658854
}