{
    "best_epoch": 1699,
    "best_val_loss": 0.04355762153863907,
    "best_tr_loss": 0.027150757610797882,
    "best_test_loss": 0.08146017044782639
}