{
    "best_epoch": 406,
    "best_val_loss": 0.003559587523341179,
    "best_tr_loss": 0.005793307675048709,
    "best_test_loss": 0.006621022243052721
}