{
    "best_epoch": 1035,
    "best_val_loss": 0.0032934662885963917,
    "best_tr_loss": 0.004400894925412204,
    "best_test_loss": 0.003853693138808012
}