{
    "best_epoch": 989,
    "best_val_loss": 0.023003285750746727,
    "best_tr_loss": 0.024259235709905624,
    "best_test_loss": 0.025507140904664993
}