{
    "best_epoch": 337,
    "best_val_loss": 0.011140317656099796,
    "best_tr_loss": 0.011883558705449104,
    "best_test_loss": 0.009736981242895126
}