{
    "best_epoch": 20,
    "best_val_loss": 0.0215902179479599,
    "best_tr_loss": 0.0210560570870127,
    "best_test_loss": 0.021366344764828682
}