{
    "best_epoch": 366,
    "best_val_loss": 0.002920212224125862,
    "best_tr_loss": 0.0037757832324132323,
    "best_test_loss": 0.0031054657883942127
}