{
    "best_epoch": 274,
    "best_val_loss": 0.0316447950899601,
    "best_tr_loss": 0.028052459781368572,
    "best_test_loss": 0.027924079447984695
}