{
    "best_epoch": 146,
    "best_val_loss": 0.005684072617441416,
    "best_tr_loss": 0.006108082830905914,
    "best_test_loss": 0.0047889831475913525
}