{
    "best_epoch": 1692,
    "best_val_loss": 0.004396179225295782,
    "best_tr_loss": 0.005142938607605174,
    "best_test_loss": 0.004742856603115797
}