{
    "best_epoch": 1962,
    "best_val_loss": 0.005748498719185591,
    "best_tr_loss": 0.007033970517416795,
    "best_test_loss": 0.005799022503197193
}