{
    "best_epoch": 332,
    "best_val_loss": 0.04260609671473503,
    "best_tr_loss": 0.053140852600336075,
    "best_test_loss": 0.05658818408846855
}