{
    "best_epoch": 572,
    "best_val_loss": 0.030972540378570557,
    "best_tr_loss": 0.015796203166246414,
    "best_test_loss": 0.022139588370919228
}