{
    "best_epoch": 1316,
    "best_val_loss": 0.026534251868724823,
    "best_tr_loss": 0.03879076521843672,
    "best_test_loss": 0.02842768281698227
}