{
    "best_epoch": 389,
    "best_val_loss": 0.00495879678055644,
    "best_tr_loss": 0.0056906400714069605,
    "best_test_loss": 0.005375046748667955
}