{
    "best_epoch": 261,
    "best_val_loss": 0.002619268139824271,
    "best_tr_loss": 0.002961160278775626,
    "best_test_loss": 0.0026516499929130077
}