{
    "best_epoch": 1976,
    "best_val_loss": 0.02419496327638626,
    "best_tr_loss": 0.02785114012658596,
    "best_test_loss": 0.028411466628313065
}