{
    "best_epoch": 604,
    "best_val_loss": 0.1659855991601944,
    "best_tr_loss": 0.16241340453808123,
    "best_test_loss": 0.16281545162200928
}