{
    "best_epoch": 377,
    "best_val_loss": 0.015292965807020664,
    "best_tr_loss": 0.01631635893136263,
    "best_test_loss": 0.01595701463520527
}