{
    "best_epoch": 278,
    "best_val_loss": 0.002928110770881176,
    "best_tr_loss": 0.0031836827285587786,
    "best_test_loss": 0.0030304177198559046
}