{
    "best_epoch": 1717,
    "best_val_loss": 0.11584720760583878,
    "best_tr_loss": 0.12244051769375801,
    "best_test_loss": 0.10833116620779037
}