{
    "best_epoch": 279,
    "best_val_loss": 0.03330410644412041,
    "best_tr_loss": 0.03367175906896591,
    "best_test_loss": 0.04548206552863121
}