{
    "best_epoch": 102,
    "best_val_loss": 0.004065513610839844,
    "best_tr_loss": 0.005446973722428083,
    "best_test_loss": 0.004901631735265255
}