{
    "best_epoch": 51,
    "best_val_loss": 0.00488364789634943,
    "best_tr_loss": 0.00537390005774796,
    "best_test_loss": 0.00435647601261735
}