{
    "best_epoch": 849,
    "best_val_loss": 0.12968643009662628,
    "best_tr_loss": 0.14224415845595872,
    "best_test_loss": 0.13025479018688202
}