{
    "best_epoch": 531,
    "best_val_loss": 0.0038869932759553194,
    "best_tr_loss": 0.004621086964527002,
    "best_test_loss": 0.00382718862965703
}