{
    "best_epoch": 31,
    "best_val_loss": 0.11776387691497803,
    "best_tr_loss": 0.11871257424354553,
    "best_test_loss": 0.10468002408742905
}