{
    "best_epoch": 98,
    "best_val_loss": 0.004592309705913067,
    "best_tr_loss": 0.010266628116369247,
    "best_test_loss": 0.008145691826939583
}