{
    "best_epoch": 151,
    "best_val_loss": 0.005269245244562626,
    "best_tr_loss": 0.016831951215863228,
    "best_test_loss": 0.009352401830255985
}