{
    "best_epoch": 264,
    "best_val_loss": 0.05169849470257759,
    "best_tr_loss": 0.05263465829193592,
    "best_test_loss": 0.05493569001555443
}