{
    "best_epoch": 800,
    "best_val_loss": 0.14152058959007263,
    "best_tr_loss": 0.15012413263320923,
    "best_test_loss": 0.14922115206718445
}