{
    "best_epoch": 248,
    "best_val_loss": 0.007714735344052315,
    "best_tr_loss": 0.010040937245569447,
    "best_test_loss": 0.0073197102174162865
}