{
    "best_epoch": 1308,
    "best_val_loss": 0.030514821410179138,
    "best_tr_loss": 0.03248651884496212,
    "best_test_loss": 0.03087097406387329
}