{
    "best_epoch": 153,
    "best_val_loss": 0.01358617190271616,
    "best_tr_loss": 0.019197549670934677,
    "best_test_loss": 0.019412057474255562
}