{
    "best_epoch": 143,
    "best_val_loss": 0.004654564429074526,
    "best_tr_loss": 0.011563699692487717,
    "best_test_loss": 0.007468333002179861
}