{
    "best_epoch": 162,
    "best_val_loss": 0.01486164703965187,
    "best_tr_loss": 0.015010616625659168,
    "best_test_loss": 0.015417957678437233
}