{
    "best_epoch": 193,
    "best_val_loss": 0.04401707276701927,
    "best_tr_loss": 0.0529334731400013,
    "best_test_loss": 0.04836152866482735
}