{
    "best_epoch": 253,
    "best_val_loss": 0.03835522010922432,
    "best_tr_loss": 0.0538153201341629,
    "best_test_loss": 0.07678813487291336
}