{
    "best_epoch": 778,
    "best_val_loss": 0.0035921589005738497,
    "best_tr_loss": 0.0045980658615008,
    "best_test_loss": 0.005435723811388016
}