{
    "best_epoch": 248,
    "best_val_loss": 0.005683411378413439,
    "best_tr_loss": 0.009406894445419312,
    "best_test_loss": 0.011127028614282608
}