{
    "best_epoch": 1135,
    "best_val_loss": 0.0032256972044706345,
    "best_tr_loss": 0.008808414451777935,
    "best_test_loss": 0.017219647765159607
}