{
    "best_epoch": 1697,
    "best_val_loss": 0.022312669083476067,
    "best_tr_loss": 0.03449971257494046,
    "best_test_loss": 0.01961030811071396
}