{
    "best_epoch": 292,
    "best_val_loss": 0.018004072830080986,
    "best_tr_loss": 0.019490858539938927,
    "best_test_loss": 0.01824638433754444
}