{
    "best_epoch": 1642,
    "best_val_loss": 0.009313371032476425,
    "best_tr_loss": 0.0095018919557333,
    "best_test_loss": 0.008789528161287308
}