{
    "best_epoch": 1196,
    "best_val_loss": 0.022541765123605728,
    "best_tr_loss": 0.02585228532552719,
    "best_test_loss": 0.01866495981812477
}