{
    "best_epoch": 486,
    "best_val_loss": 440.3910827636719,
    "best_tr_loss": 482.50311279296875,
    "best_test_loss": 441.1139831542969
}