{
    "best_epoch": 591,
    "best_val_loss": 0.008849742822349072,
    "best_tr_loss": 0.01640988141298294,
    "best_test_loss": 0.01764826476573944
}