{
    "best_epoch": 921,
    "best_val_loss": 0.014014702290296555,
    "best_tr_loss": 0.01442784396931529,
    "best_test_loss": 0.015269468538463116
}