{
    "best_epoch": 1592,
    "best_val_loss": 0.042762696743011475,
    "best_tr_loss": 0.05110306665301323,
    "best_test_loss": 0.06014258414506912
}