{
    "best_epoch": 1769,
    "best_val_loss": 0.5464475154876709,
    "best_tr_loss": 0.5331273376941681,
    "best_test_loss": 0.5478360056877136
}