{
    "best_epoch": 156,
    "best_val_loss": 478.33514404296875,
    "best_tr_loss": 802.2048645019531,
    "best_test_loss": 499.1526184082031
}