{
    "best_epoch": 1199,
    "best_val_loss": 0.17423564195632935,
    "best_tr_loss": 0.20621953159570694,
    "best_test_loss": 0.1818368136882782
}