{
    "best_epoch": 1483,
    "best_val_loss": 0.5121301412582397,
    "best_tr_loss": 0.6688651293516159,
    "best_test_loss": 0.5847489237785339
}