{
    "best_epoch": 768,
    "best_val_loss": 0.005284524988383055,
    "best_tr_loss": 0.005666483969738086,
    "best_test_loss": 0.006451582070440054
}