{
    "best_epoch": 1899,
    "best_val_loss": 0.016640089452266693,
    "best_tr_loss": 0.02328810840845108,
    "best_test_loss": 0.01916307769715786
}