{
    "best_epoch": 132,
    "best_val_loss": 0.017446648329496384,
    "best_tr_loss": 0.017179014161229134,
    "best_test_loss": 0.05530085787177086
}