{
    "best_epoch": 577,
    "best_val_loss": 0.03162126988172531,
    "best_tr_loss": 0.03839483018964529,
    "best_test_loss": 0.033909108489751816
}