{
    "best_epoch": 1415,
    "best_val_loss": 0.005351989064365625,
    "best_tr_loss": 0.0068485193097820645,
    "best_test_loss": 0.0057695172727108
}