{
    "best_epoch": 802,
    "best_val_loss": 0.13234949111938477,
    "best_tr_loss": 0.14968133345246315,
    "best_test_loss": 0.128062441945076
}