{
    "best_epoch": 104,
    "best_val_loss": 0.012047763913869858,
    "best_tr_loss": 0.026751577854156494,
    "best_test_loss": 0.011935663409531116
}