{
    "best_epoch": 1597,
    "best_val_loss": 0.008575906045734882,
    "best_tr_loss": 0.010177699849009514,
    "best_test_loss": 0.02736596204340458
}