{
    "best_epoch": 70,
    "best_val_loss": 0.005574190989136696,
    "best_tr_loss": 0.008356890873983502,
    "best_test_loss": 0.007643645163625479
}