{
    "best_epoch": 1511,
    "best_val_loss": 0.01713256537914276,
    "best_tr_loss": 0.015949231572449207,
    "best_test_loss": 0.015752440318465233
}