{
    "best_epoch": 1416,
    "best_val_loss": 0.2203885167837143,
    "best_tr_loss": 0.2504983901977539,
    "best_test_loss": 0.21859745681285858
}