{
    "best_epoch": 187,
    "best_val_loss": 0.021729227155447006,
    "best_tr_loss": 0.010877811349928379,
    "best_test_loss": 0.013501233421266079
}