{
    "best_epoch": 1774,
    "best_val_loss": 0.01654268056154251,
    "best_tr_loss": 0.01004206482321024,
    "best_test_loss": 0.016138730570673943
}