{
    "best_epoch": 1066,
    "best_val_loss": 0.017535358667373657,
    "best_tr_loss": 0.025650618597865105,
    "best_test_loss": 0.03834741562604904
}