{
    "best_epoch": 17,
    "best_val_loss": 0.01527017168700695,
    "best_tr_loss": 0.01605712032566468,
    "best_test_loss": 0.015565344132483006
}