{
    "best_epoch": 55,
    "best_val_loss": 0.13842841982841492,
    "best_tr_loss": 0.1926964372396469,
    "best_test_loss": 0.2357902079820633
}