{
    "best_epoch": 790,
    "best_val_loss": 0.015029804781079292,
    "best_tr_loss": 0.015022084582597017,
    "best_test_loss": 0.013645751401782036
}