{
    "best_epoch": 663,
    "best_val_loss": 0.022197790443897247,
    "best_tr_loss": 0.023509179138474993,
    "best_test_loss": 0.02193739265203476
}