{
    "best_epoch": 838,
    "best_val_loss": 0.019069088622927666,
    "best_tr_loss": 0.02295652963221073,
    "best_test_loss": 0.025202572345733643
}