{
    "best_epoch": 263,
    "best_val_loss": 0.059560589492321014,
    "best_tr_loss": 0.06861373906334241,
    "best_test_loss": 0.055579833686351776
}