{
    "best_epoch": 1011,
    "best_val_loss": 0.017460500821471214,
    "best_tr_loss": 0.02097518276423216,
    "best_test_loss": 0.015717534348368645
}