{
    "best_epoch": 639,
    "best_val_loss": 0.024312499910593033,
    "best_tr_loss": 0.027984965592622757,
    "best_test_loss": 0.0272409338504076
}