{
    "best_epoch": 629,
    "best_val_loss": 0.09703747183084488,
    "best_tr_loss": 0.08932879141398839,
    "best_test_loss": 0.09507161378860474
}