{
    "best_epoch": 33,
    "best_val_loss": 0.018441488966345787,
    "best_tr_loss": 0.05008872523903847,
    "best_test_loss": 0.019100654870271683
}