{
    "best_epoch": 502,
    "best_val_loss": 0.20241817831993103,
    "best_tr_loss": 0.2000804513692856,
    "best_test_loss": 0.19050849974155426
}