{
    "best_epoch": 127,
    "best_val_loss": 0.006580172572284937,
    "best_tr_loss": 0.009216706920415162,
    "best_test_loss": 0.005617218557745218
}