{
    "best_epoch": 1681,
    "best_val_loss": 0.00542491814121604,
    "best_tr_loss": 0.0028997226618230343,
    "best_test_loss": 0.013846999034285545
}