{
    "best_epoch": 621,
    "best_val_loss": 0.01039812434464693,
    "best_tr_loss": 0.01224821899086237,
    "best_test_loss": 0.012466223910450935
}