{
    "best_epoch": 16,
    "best_val_loss": 0.06745444238185883,
    "best_tr_loss": 0.06814127663771312,
    "best_test_loss": 0.06611909717321396
}