{
    "best_epoch": 63,
    "best_val_loss": 0.007684875279664993,
    "best_tr_loss": 0.03149167448282242,
    "best_test_loss": 0.01750253140926361
}