{
    "best_epoch": 1973,
    "best_val_loss": 0.21972021460533142,
    "best_tr_loss": 0.26423966884613037,
    "best_test_loss": 0.680769681930542
}