{
    "best_epoch": 19,
    "best_val_loss": 0.009469540789723396,
    "best_tr_loss": 0.010527874987858992,
    "best_test_loss": 0.010947184637188911
}