{
    "best_epoch": 1992,
    "best_val_loss": 0.014927411451935768,
    "best_tr_loss": 0.016268095134624412,
    "best_test_loss": 0.0159279927611351
}