{
    "best_epoch": 1695,
    "best_val_loss": 0.5086084008216858,
    "best_tr_loss": 0.5267697989940643,
    "best_test_loss": 0.5233109593391418
}