{
    "best_epoch": 664,
    "best_val_loss": 0.0027013530489057302,
    "best_tr_loss": 0.0040759607683867214,
    "best_test_loss": 0.0029027394484728575
}