{
    "best_epoch": 409,
    "best_val_loss": 526.6507568359375,
    "best_tr_loss": 608.8213806152344,
    "best_test_loss": 470.79754638671875
}