{
    "best_epoch": 1440,
    "best_val_loss": 0.02149294875562191,
    "best_tr_loss": 0.02073821984231472,
    "best_test_loss": 0.02001732960343361
}