{
    "best_epoch": 953,
    "best_val_loss": 0.08028273284435272,
    "best_tr_loss": 0.08049540594220161,
    "best_test_loss": 0.07173245400190353
}