{
    "best_epoch": 1996,
    "best_val_loss": 0.15826810896396637,
    "best_tr_loss": 0.16939296821753183,
    "best_test_loss": 0.17411738634109497
}