{
    "best_epoch": 556,
    "best_val_loss": 0.004552769940346479,
    "best_tr_loss": 0.005119177893820134,
    "best_test_loss": 0.0047959997318685055
}