{
    "best_epoch": 124,
    "best_val_loss": 0.07373887300491333,
    "best_tr_loss": 0.10047341138124466,
    "best_test_loss": 0.09411740303039551
}