{
    "best_epoch": 1824,
    "best_val_loss": 0.011179066263139248,
    "best_tr_loss": 0.012638263743032108,
    "best_test_loss": 0.011100513860583305
}