{
    "best_epoch": 358,
    "best_val_loss": 0.012293397448956966,
    "best_tr_loss": 0.014889173209667206,
    "best_test_loss": 0.01816641353070736
}