{
    "best_epoch": 538,
    "best_val_loss": 0.013512663543224335,
    "best_tr_loss": 0.01459670973320802,
    "best_test_loss": 0.013670933432877064
}