{
    "best_epoch": 296,
    "best_val_loss": 0.00361356558278203,
    "best_tr_loss": 0.0041145346593111755,
    "best_test_loss": 0.0036815765779465437
}