{
    "best_epoch": 1521,
    "best_val_loss": 0.016828157007694244,
    "best_tr_loss": 0.02112312987446785,
    "best_test_loss": 0.01908007264137268
}