{
    "best_epoch": 1969,
    "best_val_loss": 0.02048213966190815,
    "best_tr_loss": 0.02039026511976352,
    "best_test_loss": 0.020302146673202515
}