{
    "best_epoch": 425,
    "best_val_loss": 0.0043212720192968845,
    "best_tr_loss": 0.012895862571895123,
    "best_test_loss": 0.004693145863711834
}