{
    "best_epoch": 729,
    "best_val_loss": 0.02304924465715885,
    "best_tr_loss": 0.013719214126467705,
    "best_test_loss": 0.01362990029156208
}