{
    "best_epoch": 1979,
    "best_val_loss": 0.003953408449888229,
    "best_tr_loss": 0.005745663333477246,
    "best_test_loss": 0.004093477968126535
}