{
    "best_epoch": 202,
    "best_val_loss": 0.015011325478553772,
    "best_tr_loss": 0.03845846652984619,
    "best_test_loss": 0.027961354702711105
}