{
    "best_epoch": 66,
    "best_val_loss": 0.004901150241494179,
    "best_tr_loss": 0.004998321877792478,
    "best_test_loss": 0.005601116456091404
}