{
    "best_epoch": 160,
    "best_val_loss": 0.001974967308342457,
    "best_tr_loss": 0.003525706892833114,
    "best_test_loss": 0.0020475403871387243
}