{
    "best_epoch": 603,
    "best_val_loss": 0.0046128397807478905,
    "best_tr_loss": 0.007081011775881052,
    "best_test_loss": 0.010434851981699467
}