{
    "best_epoch": 1632,
    "best_val_loss": 0.06914600729942322,
    "best_tr_loss": 0.07526662480086088,
    "best_test_loss": 0.07535412907600403
}