{
    "best_epoch": 1276,
    "best_val_loss": 0.0028720130212605,
    "best_tr_loss": 0.005754508388539155,
    "best_test_loss": 0.0038157408125698566
}