{
    "best_epoch": 1581,
    "best_val_loss": 0.022362563759088516,
    "best_tr_loss": 0.022560598328709602,
    "best_test_loss": 0.023677309975028038
}