{
    "best_epoch": 1871,
    "best_val_loss": 0.015340068377554417,
    "best_tr_loss": 0.018233364447951317,
    "best_test_loss": 0.021068714559078217
}