{
    "best_epoch": 1304,
    "best_val_loss": 0.10076044499874115,
    "best_tr_loss": 0.11198445595800877,
    "best_test_loss": 0.10290359705686569
}