{
    "best_epoch": 93,
    "best_val_loss": 0.010508963838219643,
    "best_tr_loss": 0.018749676644802094,
    "best_test_loss": 0.011171474121510983
}