{
    "best_epoch": 89,
    "best_val_loss": 0.16220813989639282,
    "best_tr_loss": 0.17757825950781506,
    "best_test_loss": 0.14309397339820862
}