{
    "best_epoch": 305,
    "best_val_loss": 0.06248151883482933,
    "best_tr_loss": 0.08766843378543854,
    "best_test_loss": 0.10067155957221985
}