{
    "best_epoch": 1881,
    "best_val_loss": 0.010502999648451805,
    "best_tr_loss": 0.006590036442503333,
    "best_test_loss": 0.007715325336903334
}