{
    "best_epoch": 1330,
    "best_val_loss": 0.006942514795809984,
    "best_tr_loss": 0.015147051587700845,
    "best_test_loss": 0.007081151474267244
}