{
    "best_epoch": 311,
    "best_val_loss": 0.04425659030675888,
    "best_tr_loss": 0.10930231958627701,
    "best_test_loss": 0.03103257715702057
}