{
    "best_epoch": 100,
    "best_val_loss": 0.22104255855083466,
    "best_tr_loss": 0.22385557492574057,
    "best_test_loss": 0.20040161907672882
}