{
    "best_epoch": 700,
    "best_val_loss": 0.026000188663601875,
    "best_tr_loss": 0.029670292511582375,
    "best_test_loss": 0.045279864221811295
}