{
    "best_epoch": 513,
    "best_val_loss": 0.0029756533913314342,
    "best_tr_loss": 0.002959808916784823,
    "best_test_loss": 0.0033119390718638897
}