{
    "best_epoch": 698,
    "best_val_loss": 0.003875922178849578,
    "best_tr_loss": 0.009053277369174693,
    "best_test_loss": 0.004289609845727682
}