{
    "best_epoch": 1990,
    "best_val_loss": 0.08369629085063934,
    "best_tr_loss": 0.08968860966463883,
    "best_test_loss": 0.08552932739257812
}