{
    "best_epoch": 908,
    "best_val_loss": 0.044704511761665344,
    "best_tr_loss": 0.04493065209438404,
    "best_test_loss": 0.0467376708984375
}