{
    "best_epoch": 37,
    "best_val_loss": 0.01617962308228016,
    "best_tr_loss": 0.05084898695349693,
    "best_test_loss": 0.022589586675167084
}