{
    "best_epoch": 377,
    "best_val_loss": 0.002905135275796056,
    "best_tr_loss": 0.003270364444081982,
    "best_test_loss": 0.0035114565398544073
}