{
    "best_epoch": 156,
    "best_val_loss": 0.004176893271505833,
    "best_tr_loss": 0.007052590837702155,
    "best_test_loss": 0.005600270815193653
}