{
    "best_epoch": 78,
    "best_val_loss": 0.03384871035814285,
    "best_tr_loss": 0.07834170013666153,
    "best_test_loss": 0.09181428700685501
}