{
    "best_epoch": 218,
    "best_val_loss": 0.018130935728549957,
    "best_tr_loss": 0.056002546846866605,
    "best_test_loss": 0.018300693482160568
}