{
    "best_epoch": 1708,
    "best_val_loss": 0.038073811680078506,
    "best_tr_loss": 0.05396151108046373,
    "best_test_loss": 0.04881301149725914
}