{
    "best_epoch": 595,
    "best_val_loss": 0.0075431582517921925,
    "best_tr_loss": 0.008470380678772926,
    "best_test_loss": 0.008573406375944614
}