{
    "best_epoch": 211,
    "best_val_loss": 0.002675181021913886,
    "best_tr_loss": 0.0034143050046016774,
    "best_test_loss": 0.0030419817194342613
}