{
    "best_epoch": 325,
    "best_val_loss": 0.15711042284965515,
    "best_tr_loss": 0.1462036371231079,
    "best_test_loss": 0.16331692039966583
}