{
    "best_epoch": 1167,
    "best_val_loss": 0.21398042142391205,
    "best_tr_loss": 0.23542635142803192,
    "best_test_loss": 0.26596373319625854
}