{
    "best_epoch": 1458,
    "best_val_loss": 0.0814690813422203,
    "best_tr_loss": 0.09059916560848554,
    "best_test_loss": 0.09050879627466202
}