{
    "best_epoch": 953,
    "best_val_loss": 0.004587201401591301,
    "best_tr_loss": 0.005198584766023689,
    "best_test_loss": 0.004337888211011887
}