{
    "best_epoch": 519,
    "best_val_loss": 0.0053644971922039986,
    "best_tr_loss": 0.005435236988382207,
    "best_test_loss": 0.005082618910819292
}