{
    "best_epoch": 873,
    "best_val_loss": 0.11520049721002579,
    "best_tr_loss": 0.11969316005706787,
    "best_test_loss": 0.1218884289264679
}