{
    "best_epoch": 1029,
    "best_val_loss": 0.15990425646305084,
    "best_tr_loss": 0.1655189201235771,
    "best_test_loss": 0.16404825448989868
}