{
    "best_epoch": 873,
    "best_val_loss": 0.007761917542666197,
    "best_tr_loss": 0.008299219266821941,
    "best_test_loss": 0.008809220977127552
}