{
    "best_epoch": 315,
    "best_val_loss": 0.003195434808731079,
    "best_tr_loss": 0.004997663587952654,
    "best_test_loss": 0.0034142546355724335
}