{
    "best_epoch": 1564,
    "best_val_loss": 0.025627046823501587,
    "best_tr_loss": 0.025509601458907127,
    "best_test_loss": 0.027466846629977226
}