{
    "best_epoch": 81,
    "best_val_loss": 0.01275507640093565,
    "best_tr_loss": 0.038841159289909735,
    "best_test_loss": 0.012547150254249573
}