{
    "best_epoch": 102,
    "best_val_loss": 0.008854463696479797,
    "best_tr_loss": 0.01329441120227178,
    "best_test_loss": 0.008773894980549812
}