{
    "best_epoch": 106,
    "best_val_loss": 0.009228936396539211,
    "best_tr_loss": 0.02391410991549492,
    "best_test_loss": 0.012813244014978409
}