{
    "best_epoch": 526,
    "best_val_loss": 0.022044170647859573,
    "best_tr_loss": 0.026216134428977966,
    "best_test_loss": 0.027964329347014427
}