{
    "best_epoch": 1740,
    "best_val_loss": 0.013640805147588253,
    "best_tr_loss": 0.01494542850802342,
    "best_test_loss": 0.013993566855788231
}