{
    "best_epoch": 103,
    "best_val_loss": 0.03820301219820976,
    "best_tr_loss": 0.04658965766429901,
    "best_test_loss": 0.03974612057209015
}