{
    "best_epoch": 483,
    "best_val_loss": 0.007004617713391781,
    "best_tr_loss": 0.010104066226631403,
    "best_test_loss": 0.007531746756285429
}