{
    "best_epoch": 971,
    "best_val_loss": 0.00494915246963501,
    "best_tr_loss": 0.006317964289337397,
    "best_test_loss": 0.004686742089688778
}