{
    "best_epoch": 1809,
    "best_val_loss": 0.029325081035494804,
    "best_tr_loss": 0.02991345524787903,
    "best_test_loss": 0.0397883877158165
}