{
    "best_epoch": 91,
    "best_val_loss": 0.0014377429615706205,
    "best_tr_loss": 0.0026824240339919925,
    "best_test_loss": 0.0014070754405111074
}