{
    "best_epoch": 49,
    "best_val_loss": 0.03528447449207306,
    "best_tr_loss": 0.03626257305343946,
    "best_test_loss": 0.0335041843354702
}