{
    "best_epoch": 1678,
    "best_val_loss": 0.08368030935525894,
    "best_tr_loss": 0.10607948154211044,
    "best_test_loss": 1.2115412950515747
}