{
    "best_epoch": 13,
    "best_val_loss": 1.0343868732452393,
    "best_tr_loss": 0.9417571276426315,
    "best_test_loss": 0.8453636169433594
}