{
    "best_epoch": 1083,
    "best_val_loss": 0.0026660417206585407,
    "best_tr_loss": 0.00819558146982812,
    "best_test_loss": 0.002565882634371519
}