{
    "best_epoch": 10,
    "best_val_loss": 0.031025884672999382,
    "best_tr_loss": 0.0405809972435236,
    "best_test_loss": 0.032723985612392426
}