{
    "best_epoch": 1127,
    "best_val_loss": 0.01426779106259346,
    "best_tr_loss": 0.012503708712756634,
    "best_test_loss": 0.01629902608692646
}