{
    "best_epoch": 977,
    "best_val_loss": 0.007001141086220741,
    "best_tr_loss": 0.007681401912122965,
    "best_test_loss": 0.007799131795763969
}