{
    "best_epoch": 449,
    "best_val_loss": 0.0031354508828371763,
    "best_tr_loss": 0.004345387336798012,
    "best_test_loss": 0.003016266506165266
}