{
    "best_epoch": 124,
    "best_val_loss": 0.012900079600512981,
    "best_tr_loss": 0.024622365832328796,
    "best_test_loss": 0.0209195613861084
}