{
    "best_epoch": 289,
    "best_val_loss": 0.007758798077702522,
    "best_tr_loss": 0.009144098497927189,
    "best_test_loss": 0.007622785400599241
}