{
    "best_epoch": 107,
    "best_val_loss": 0.001610070001333952,
    "best_tr_loss": 0.0016457746824016795,
    "best_test_loss": 0.0016457270830869675
}