{
    "best_epoch": 1938,
    "best_val_loss": 0.35125821828842163,
    "best_tr_loss": 0.33384881700788227,
    "best_test_loss": 0.340962678194046
}