{
    "best_epoch": 31,
    "best_val_loss": 0.24082669615745544,
    "best_tr_loss": 0.2519703855117162,
    "best_test_loss": 0.24391582608222961
}