{
    "best_epoch": 262,
    "best_val_loss": 0.1841016411781311,
    "best_tr_loss": 0.2372763931751251,
    "best_test_loss": 0.2288818657398224
}