{
    "best_epoch": 602,
    "best_val_loss": 0.1312539428472519,
    "best_tr_loss": 0.10866815596818924,
    "best_test_loss": 0.24955573678016663
}