{
    "best_epoch": 1604,
    "best_val_loss": 0.7374914288520813,
    "best_tr_loss": 0.7929314598441124,
    "best_test_loss": 0.7278710603713989
}