{
    "best_epoch": 177,
    "best_val_loss": 0.015320984646677971,
    "best_tr_loss": 0.012608481338247657,
    "best_test_loss": 0.010141372680664062
}