{
    "best_epoch": 34,
    "best_val_loss": 0.03660454973578453,
    "best_tr_loss": 0.03838264404071702,
    "best_test_loss": 0.035084325820207596
}