{
    "best_epoch": 798,
    "best_val_loss": 0.012109252624213696,
    "best_tr_loss": 0.013881998136639595,
    "best_test_loss": 0.012586323544383049
}