{
    "best_epoch": 212,
    "best_val_loss": 0.036232803016901016,
    "best_tr_loss": 0.041290147230029106,
    "best_test_loss": 0.034537747502326965
}