{
    "best_epoch": 925,
    "best_val_loss": 0.002566003007814288,
    "best_tr_loss": 0.0033949256176128983,
    "best_test_loss": 0.006382992025464773
}