{
    "best_epoch": 1917,
    "best_val_loss": 0.012816200964152813,
    "best_tr_loss": 0.013562061823904514,
    "best_test_loss": 0.012738126330077648
}