{
    "best_epoch": 377,
    "best_val_loss": 0.0033999839797616005,
    "best_tr_loss": 0.004950241977348923,
    "best_test_loss": 0.007050301413983107
}