{
    "best_epoch": 912,
    "best_val_loss": 0.11881627887487411,
    "best_tr_loss": 0.12629065875496184,
    "best_test_loss": 0.12427372485399246
}