{
    "best_epoch": 1886,
    "best_val_loss": 0.06646756082773209,
    "best_tr_loss": 0.06475411515150752,
    "best_test_loss": 0.07005275040864944
}