{
    "best_epoch": 1584,
    "best_val_loss": 0.009759264066815376,
    "best_tr_loss": 0.009901643032208085,
    "best_test_loss": 0.011147108860313892
}