{
    "best_epoch": 77,
    "best_val_loss": 0.0858861654996872,
    "best_tr_loss": 0.07597412168979645,
    "best_test_loss": 0.08923899382352829
}