{
    "best_epoch": 477,
    "best_val_loss": 0.00298916338942945,
    "best_tr_loss": 0.003993775211991026,
    "best_test_loss": 0.002763137686997652
}