{
    "best_epoch": 11,
    "best_val_loss": 0.25628459453582764,
    "best_tr_loss": 0.17124727368354797,
    "best_test_loss": 0.22243963181972504
}