{
    "best_epoch": 418,
    "best_val_loss": 0.17423754930496216,
    "best_tr_loss": 0.17869467474520206,
    "best_test_loss": 0.17577753961086273
}