{
    "best_epoch": 731,
    "best_val_loss": 0.03984622284770012,
    "best_tr_loss": 0.04318356780069215,
    "best_test_loss": 0.041287556290626526
}