{
    "best_epoch": 1865,
    "best_val_loss": 0.003760562976822257,
    "best_tr_loss": 0.014737245626747608,
    "best_test_loss": 0.004399606492370367
}