{
    "best_epoch": 1942,
    "best_val_loss": 0.003828957909718156,
    "best_tr_loss": 0.005055878165876493,
    "best_test_loss": 0.00391170522198081
}