{
    "best_epoch": 1467,
    "best_val_loss": 0.00780891627073288,
    "best_tr_loss": 0.009487178849263323,
    "best_test_loss": 0.007610097993165255
}