{
    "best_epoch": 279,
    "best_val_loss": 0.024649176746606827,
    "best_tr_loss": 0.03189229965209961,
    "best_test_loss": 0.026936175301671028
}