{
    "best_epoch": 1433,
    "best_val_loss": 0.003977816551923752,
    "best_tr_loss": 0.006051716860383749,
    "best_test_loss": 0.006886214483529329
}