{
    "best_epoch": 806,
    "best_val_loss": 0.04739769175648689,
    "best_tr_loss": 0.05607735551893711,
    "best_test_loss": 0.04806220531463623
}