{
    "best_epoch": 1286,
    "best_val_loss": 0.02522088959813118,
    "best_tr_loss": 0.025793790196379025,
    "best_test_loss": 0.023840496316552162
}