{
    "best_epoch": 465,
    "best_val_loss": 0.003977064974606037,
    "best_tr_loss": 0.007705549243837595,
    "best_test_loss": 0.0032754549756646156
}