{
    "best_epoch": 78,
    "best_val_loss": 0.00414159893989563,
    "best_tr_loss": 0.006515431799925864,
    "best_test_loss": 0.004333543591201305
}