{
    "best_epoch": 406,
    "best_val_loss": 0.02481003850698471,
    "best_tr_loss": 0.030170004814863205,
    "best_test_loss": 0.021981148049235344
}