{
    "best_epoch": 287,
    "best_val_loss": 0.02901948057115078,
    "best_tr_loss": 0.028914326801896095,
    "best_test_loss": 0.03677600994706154
}