{
    "best_epoch": 105,
    "best_val_loss": 0.0013318792916834354,
    "best_tr_loss": 0.0052395705599337815,
    "best_test_loss": 0.0017622120212763548
}