{
    "best_epoch": 48,
    "best_val_loss": 0.005841271486133337,
    "best_tr_loss": 0.01333808503113687,
    "best_test_loss": 0.0067698173224925995
}