{
    "best_epoch": 1744,
    "best_val_loss": 0.04292716830968857,
    "best_tr_loss": 0.045978901641709466,
    "best_test_loss": 0.04375901445746422
}