{
    "best_epoch": 125,
    "best_val_loss": 0.0022258046083152294,
    "best_tr_loss": 0.0026108662132173777,
    "best_test_loss": 0.00197799876332283
}