{
    "best_epoch": 455,
    "best_val_loss": 0.0026128599420189857,
    "best_tr_loss": 0.0027076068023840585,
    "best_test_loss": 0.002205456141382456
}