{
    "best_epoch": 1014,
    "best_val_loss": 0.0832124650478363,
    "best_tr_loss": 0.08895061082310146,
    "best_test_loss": 0.09011020511388779
}