{
    "best_epoch": 1653,
    "best_val_loss": 0.03462941572070122,
    "best_tr_loss": 0.036950934678316116,
    "best_test_loss": 0.11864171177148819
}