{
    "best_epoch": 1891,
    "best_val_loss": 0.02249402552843094,
    "best_tr_loss": 0.027973925694823265,
    "best_test_loss": 0.02734675258398056
}