{
    "best_epoch": 141,
    "best_val_loss": 0.009151572361588478,
    "best_tr_loss": 0.014514249749481678,
    "best_test_loss": 0.008761540055274963
}