{
    "best_epoch": 343,
    "best_val_loss": 0.010380323976278305,
    "best_tr_loss": 0.009541183710098267,
    "best_test_loss": 0.008498544804751873
}