{
    "best_epoch": 818,
    "best_val_loss": 0.024299796670675278,
    "best_tr_loss": 0.025466981210878918,
    "best_test_loss": 0.025652475655078888
}