{
    "best_epoch": 1859,
    "best_val_loss": 0.0037002419121563435,
    "best_tr_loss": 0.0043912651017308235,
    "best_test_loss": 0.004016607999801636
}