{
    "best_epoch": 1969,
    "best_val_loss": 0.016195179894566536,
    "best_tr_loss": 0.012401917949318886,
    "best_test_loss": 0.012303519994020462
}