{
    "best_epoch": 1277,
    "best_val_loss": 0.04952730983495712,
    "best_tr_loss": 0.057825966427723564,
    "best_test_loss": 0.04813562333583832
}