{
    "best_epoch": 146,
    "best_val_loss": 0.009015738032758236,
    "best_tr_loss": 0.02284498792141676,
    "best_test_loss": 0.015220808796584606
}