{
    "best_epoch": 147,
    "best_val_loss": 0.05190610885620117,
    "best_tr_loss": 0.06474009404579799,
    "best_test_loss": 0.06098140403628349
}