{
    "best_epoch": 250,
    "best_val_loss": 0.0047740936279296875,
    "best_tr_loss": 0.005754375426719586,
    "best_test_loss": 0.004745327401906252
}