{
    "best_epoch": 1142,
    "best_val_loss": 0.1165916919708252,
    "best_tr_loss": 0.336793315410614,
    "best_test_loss": 0.12290758639574051
}