{
    "best_epoch": 1079,
    "best_val_loss": 0.036607276648283005,
    "best_tr_loss": 0.040957167744636536,
    "best_test_loss": 0.0423550121486187
}