{
    "best_epoch": 1696,
    "best_val_loss": 0.025727886706590652,
    "best_tr_loss": 0.029896030047287542,
    "best_test_loss": 0.02809797041118145
}