{
    "best_epoch": 971,
    "best_val_loss": 0.014896014705300331,
    "best_tr_loss": 0.017618807032704353,
    "best_test_loss": 0.01934688165783882
}