{
    "best_epoch": 77,
    "best_val_loss": 0.34348711371421814,
    "best_tr_loss": 0.36009865005811054,
    "best_test_loss": 0.3594411313533783
}