{
    "best_epoch": 732,
    "best_val_loss": 0.14637963473796844,
    "best_tr_loss": 0.13649700582027435,
    "best_test_loss": 0.1531689316034317
}