{
    "best_epoch": 1450,
    "best_val_loss": 0.08419789373874664,
    "best_tr_loss": 0.08088637257997806,
    "best_test_loss": 0.07644665986299515
}