{
    "best_epoch": 1750,
    "best_val_loss": 0.003314927453175187,
    "best_tr_loss": 0.004566618707031012,
    "best_test_loss": 0.0054968660697340965
}