{
    "best_epoch": 166,
    "best_val_loss": 0.0408933162689209,
    "best_tr_loss": 0.08953247219324112,
    "best_test_loss": 0.05537109449505806
}