{
    "best_epoch": 401,
    "best_val_loss": 0.026937013491988182,
    "best_tr_loss": 0.02764057864745458,
    "best_test_loss": 0.026718620210886
}