{
    "best_epoch": 328,
    "best_val_loss": 396.3937072753906,
    "best_tr_loss": 528.6792907714844,
    "best_test_loss": 464.04132080078125
}