{
    "best_epoch": 77,
    "best_val_loss": 0.008484739810228348,
    "best_tr_loss": 0.011068678993199552,
    "best_test_loss": 0.008919280022382736
}