{
    "best_epoch": 1166,
    "best_val_loss": 0.21833275258541107,
    "best_tr_loss": 0.22770797378487057,
    "best_test_loss": 0.22584182024002075
}