{
    "best_epoch": 313,
    "best_val_loss": 0.006884188391268253,
    "best_tr_loss": 0.00973310751410631,
    "best_test_loss": 0.00695883808657527
}