{
    "best_epoch": 332,
    "best_val_loss": 0.008036788552999496,
    "best_tr_loss": 0.007429747376590967,
    "best_test_loss": 0.0066194236278533936
}