{
    "best_epoch": 762,
    "best_val_loss": 0.009600633755326271,
    "best_tr_loss": 0.009721777401864529,
    "best_test_loss": 0.020038090646266937
}