{
    "best_epoch": 1611,
    "best_val_loss": 0.016718054190278053,
    "best_tr_loss": 0.026489343494176865,
    "best_test_loss": 0.015518938191235065
}