{
    "best_epoch": 1487,
    "best_val_loss": 0.09162547439336777,
    "best_tr_loss": 0.1042392598465085,
    "best_test_loss": 0.08411301672458649
}