{
    "best_epoch": 477,
    "best_val_loss": 0.01236329972743988,
    "best_tr_loss": 0.01374706719070673,
    "best_test_loss": 0.01427795272320509
}