{
    "best_epoch": 353,
    "best_val_loss": 0.034977372735738754,
    "best_tr_loss": 0.15364284813404083,
    "best_test_loss": 0.0781722441315651
}