{
    "best_epoch": 359,
    "best_val_loss": 0.011370360851287842,
    "best_tr_loss": 0.012131269089877605,
    "best_test_loss": 0.01450035534799099
}