{
    "best_epoch": 745,
    "best_val_loss": 0.002189585706219077,
    "best_tr_loss": 0.0045591325570757575,
    "best_test_loss": 0.002121254336088896
}