{
    "best_epoch": 1982,
    "best_val_loss": 0.005996630992740393,
    "best_tr_loss": 0.0058740366782460895,
    "best_test_loss": 0.006012808531522751
}