{
    "best_epoch": 263,
    "best_val_loss": 0.07591751962900162,
    "best_tr_loss": 0.07925971196247981,
    "best_test_loss": 0.07334872335195541
}