{
    "best_epoch": 301,
    "best_val_loss": 0.16061320900917053,
    "best_tr_loss": 0.2280571162700653,
    "best_test_loss": 0.18149004876613617
}