{
    "best_epoch": 793,
    "best_val_loss": 0.014297448098659515,
    "best_tr_loss": 0.012110868468880653,
    "best_test_loss": 0.011888474225997925
}