{
    "best_epoch": 1992,
    "best_val_loss": 0.004513795021921396,
    "best_tr_loss": 0.010746808722615242,
    "best_test_loss": 0.00830228440463543
}