{
    "best_epoch": 783,
    "best_val_loss": 0.009646924212574959,
    "best_tr_loss": 0.019940070807933807,
    "best_test_loss": 0.015654640272259712
}