{
    "best_epoch": 302,
    "best_val_loss": 0.013254021294414997,
    "best_tr_loss": 0.017585040628910066,
    "best_test_loss": 0.012028231285512447
}