{
    "best_epoch": 1839,
    "best_val_loss": 0.001238019554875791,
    "best_tr_loss": 0.0015379954827949404,
    "best_test_loss": 0.001332206535153091
}