{
    "best_epoch": 1959,
    "best_val_loss": 0.19827565550804138,
    "best_tr_loss": 0.2062702559762531,
    "best_test_loss": 0.19000008702278137
}