{
    "best_epoch": 222,
    "best_val_loss": 0.007239322178065777,
    "best_tr_loss": 0.00534556683851406,
    "best_test_loss": 0.008314741775393486
}