{
    "best_epoch": 1489,
    "best_val_loss": 0.18073663115501404,
    "best_tr_loss": 0.17285778125127158,
    "best_test_loss": 0.1858336329460144
}