{
    "best_epoch": 339,
    "best_val_loss": 0.004030497279018164,
    "best_tr_loss": 0.0062933447770774364,
    "best_test_loss": 0.02747904136776924
}