{
    "best_epoch": 1366,
    "best_val_loss": 0.03200000897049904,
    "best_tr_loss": 0.03587984981445166,
    "best_test_loss": 0.031312018632888794
}