{
    "best_epoch": 130,
    "best_val_loss": 0.040014322847127914,
    "best_tr_loss": 0.04719468951225281,
    "best_test_loss": 0.04316060617566109
}