{
    "best_epoch": 141,
    "best_val_loss": 0.0012808722676709294,
    "best_tr_loss": 0.011487373150885105,
    "best_test_loss": 0.0018310490995645523
}