{
    "best_epoch": 1988,
    "best_val_loss": 0.0364484004676342,
    "best_tr_loss": 0.2542061358690262,
    "best_test_loss": 0.039057616144418716
}