{
    "best_epoch": 1731,
    "best_val_loss": 0.022657345980405807,
    "best_tr_loss": 0.04134853929281235,
    "best_test_loss": 0.033704813569784164
}