{
    "best_epoch": 279,
    "best_val_loss": 0.0026567208115011454,
    "best_tr_loss": 0.004189530678559095,
    "best_test_loss": 0.002859145635738969
}