{
    "best_epoch": 835,
    "best_val_loss": 0.02784947119653225,
    "best_tr_loss": 0.031449906155467035,
    "best_test_loss": 0.029577549546957016
}