{
    "best_epoch": 1419,
    "best_val_loss": 0.001051012659445405,
    "best_tr_loss": 0.010386962769553065,
    "best_test_loss": 0.0016993444878607988
}