{
    "best_epoch": 118,
    "best_val_loss": 0.004009036812931299,
    "best_tr_loss": 0.006063758485162487,
    "best_test_loss": 0.004001772962510586
}