{
    "best_epoch": 84,
    "best_val_loss": 0.0020332070998847485,
    "best_tr_loss": 0.0037990134054174027,
    "best_test_loss": 0.002135949907824397
}