{
    "best_epoch": 256,
    "best_val_loss": 0.007712968625128269,
    "best_tr_loss": 0.007852064445614815,
    "best_test_loss": 0.008448164910078049
}