{
    "best_epoch": 844,
    "best_val_loss": 0.012542945332825184,
    "best_tr_loss": 0.01189087051898241,
    "best_test_loss": 0.012410084716975689
}