{
    "best_epoch": 1104,
    "best_val_loss": 0.005857983138412237,
    "best_tr_loss": 0.008290668949484825,
    "best_test_loss": 0.00470581604167819
}