{
    "best_epoch": 823,
    "best_val_loss": 0.004005354829132557,
    "best_tr_loss": 0.005089430138468742,
    "best_test_loss": 0.00386275933124125
}