{
    "best_epoch": 352,
    "best_val_loss": 0.009148958139121532,
    "best_tr_loss": 0.012543158954940736,
    "best_test_loss": 0.008634960278868675
}