{
    "best_epoch": 139,
    "best_val_loss": 0.006695184390991926,
    "best_tr_loss": 0.009159567067399621,
    "best_test_loss": 0.007548621390014887
}