{
    "best_epoch": 236,
    "best_val_loss": 146.70660400390625,
    "best_tr_loss": 181.49994659423828,
    "best_test_loss": 192.0821990966797
}