{
    "best_epoch": 101,
    "best_val_loss": 0.09317430853843689,
    "best_tr_loss": 0.09294489150245984,
    "best_test_loss": 0.11041911691427231
}