{
    "best_epoch": 524,
    "best_val_loss": 0.01248990185558796,
    "best_tr_loss": 0.01743377558887005,
    "best_test_loss": 0.010601544752717018
}