{
    "best_epoch": 940,
    "best_val_loss": 0.02838939055800438,
    "best_tr_loss": 0.03226250925889382,
    "best_test_loss": 0.0291583314538002
}