{
    "best_epoch": 336,
    "best_val_loss": 0.0027872968930751085,
    "best_tr_loss": 0.0037370928718398013,
    "best_test_loss": 0.0029973338823765516
}