{
    "best_epoch": 1606,
    "best_val_loss": 0.09191219508647919,
    "best_tr_loss": 0.10223067998886108,
    "best_test_loss": 0.10375769436359406
}