{
    "best_epoch": 419,
    "best_val_loss": 0.007776225451380014,
    "best_tr_loss": 0.006398902274668217,
    "best_test_loss": 0.0044548362493515015
}