{
    "best_epoch": 354,
    "best_val_loss": 0.15966492891311646,
    "best_tr_loss": 0.14399001002311707,
    "best_test_loss": 0.16653993725776672
}