{
    "best_epoch": 51,
    "best_val_loss": 0.01503071840852499,
    "best_tr_loss": 0.01796620264649391,
    "best_test_loss": 0.015791095793247223
}