{
    "best_epoch": 132,
    "best_val_loss": 0.023848457261919975,
    "best_tr_loss": 0.03182903630658984,
    "best_test_loss": 0.03210889548063278
}