{
    "best_epoch": 496,
    "best_val_loss": 0.006608779542148113,
    "best_tr_loss": 0.006583979353308678,
    "best_test_loss": 0.09917357563972473
}