{
    "best_epoch": 552,
    "best_val_loss": 0.0022424482740461826,
    "best_tr_loss": 0.0028863607798344814,
    "best_test_loss": 0.0021673166193068027
}