{
    "best_epoch": 9,
    "best_val_loss": 0.3510476052761078,
    "best_tr_loss": 0.36028533428907394,
    "best_test_loss": 0.3613918423652649
}