{
    "best_epoch": 74,
    "best_val_loss": 0.11048825830221176,
    "best_tr_loss": 0.2005821317434311,
    "best_test_loss": 0.17046432197093964
}