{
    "best_epoch": 1045,
    "best_val_loss": 0.019968584179878235,
    "best_tr_loss": 0.10295990109443665,
    "best_test_loss": 0.020589040592312813
}