{
    "best_epoch": 1246,
    "best_val_loss": 0.01032896526157856,
    "best_tr_loss": 0.011951231530734472,
    "best_test_loss": 0.010328944772481918
}