{
    "best_epoch": 566,
    "best_val_loss": 0.019237177446484566,
    "best_tr_loss": 0.01909591071307659,
    "best_test_loss": 0.023142490535974503
}