{
    "best_epoch": 1511,
    "best_val_loss": 0.00632515037432313,
    "best_tr_loss": 0.006521626634316312,
    "best_test_loss": 0.004486104939132929
}