{
    "best_epoch": 89,
    "best_val_loss": 0.05662094056606293,
    "best_tr_loss": 0.06208375468850136,
    "best_test_loss": 0.06408683955669403
}