{
    "best_epoch": 1074,
    "best_val_loss": 0.004660965409129858,
    "best_tr_loss": 0.004222816787660122,
    "best_test_loss": 0.004145462065935135
}