{
    "best_epoch": 1077,
    "best_val_loss": 0.008907152339816093,
    "best_tr_loss": 0.008857194179048141,
    "best_test_loss": 0.008287705481052399
}