{
    "best_epoch": 612,
    "best_val_loss": 0.0045008352026343346,
    "best_tr_loss": 0.004661280610081222,
    "best_test_loss": 0.004277270287275314
}