{
    "best_epoch": 357,
    "best_val_loss": 0.005957359913736582,
    "best_tr_loss": 0.008249473865502156,
    "best_test_loss": 0.006326764356344938
}