{
    "best_epoch": 784,
    "best_val_loss": 0.005477878265082836,
    "best_tr_loss": 0.006111619994044304,
    "best_test_loss": 0.008201276883482933
}