{
    "best_epoch": 150,
    "best_val_loss": 0.011182572692632675,
    "best_tr_loss": 0.007535526063293219,
    "best_test_loss": 0.009441903792321682
}