{
    "best_epoch": 1550,
    "best_val_loss": 0.07552513480186462,
    "best_tr_loss": 0.08243628963828087,
    "best_test_loss": 0.05524549260735512
}