{
    "best_epoch": 237,
    "best_val_loss": 0.6130048036575317,
    "best_tr_loss": 0.746738056341807,
    "best_test_loss": 0.7036725282669067
}