{
    "best_epoch": 1393,
    "best_val_loss": 0.0021649084519594908,
    "best_tr_loss": 0.003469464291507999,
    "best_test_loss": 0.0027986422646790743
}