{
    "best_epoch": 124,
    "best_val_loss": 0.01546257920563221,
    "best_tr_loss": 0.020472505129873753,
    "best_test_loss": 0.015250957570970058
}