{
    "best_epoch": 592,
    "best_val_loss": 0.002192914951592684,
    "best_tr_loss": 0.004173088411334902,
    "best_test_loss": 0.0025590499863028526
}