{
    "best_epoch": 561,
    "best_val_loss": 0.010270976461470127,
    "best_tr_loss": 0.01806788705289364,
    "best_test_loss": 0.009344746358692646
}