{
    "best_epoch": 1093,
    "best_val_loss": 0.07155125588178635,
    "best_tr_loss": 0.05578572551409403,
    "best_test_loss": 0.05312945693731308
}