{
    "best_epoch": 684,
    "best_val_loss": 0.015728158876299858,
    "best_tr_loss": 0.007927577011287212,
    "best_test_loss": 0.02351468615233898
}