{
    "best_epoch": 1426,
    "best_val_loss": 0.005925173871219158,
    "best_tr_loss": 0.007469331205356866,
    "best_test_loss": 0.006589626893401146
}