{
    "best_epoch": 1142,
    "best_val_loss": 0.00890122726559639,
    "best_tr_loss": 0.045238789170980453,
    "best_test_loss": 0.011790595017373562
}