{
    "best_epoch": 496,
    "best_val_loss": 0.008431184105575085,
    "best_tr_loss": 0.00999483149498701,
    "best_test_loss": 0.010923445224761963
}